ID,Name,Macroarea,Latitude,Longitude,Glottocode,ISO639P3code
yala1263,Yala,,,,yala1263,yba
sans1269,Sanskrit,,,,sans1269,san
fonn1241,Fon,,,,fonn1241,fon
guam1248,Guambiano,,,,guam1248,gum
kens1251,Kenswei Nsei,,,,kens1251,ndb
lizu1234,Lizu,,,,lizu1234,
moro1292,Moroccan Arabic,,,,moro1292,ary
tapi1254,Tapirapé,,,,tapi1254,taf
bugi1244,Buginese,,,,bugi1244,bug
nort2966,Northern Pomo,,,,nort2966,pej
arbo1245,Arbore,,,,arbo1245,arv
kunz1244,Kunza,,,,kunz1244,kuz
vaag1238,Vaagri Booli,,,,vaag1238,vaa
karo1304,Karok,,,,karo1304,kyh
movi1243,Movima,,,,movi1243,mzp
kute1248,Kutep,,,,kute1248,kub
paiw1248,Paiwan,,,,paiw1248,pwn
mara1385,Marra,,,,mara1385,mec
baba1264,Baba,,,,baba1264,bbw
dhim1246,Dhimal,,,,dhim1246,dhi
yura1255,Yuracaré,,,,yura1255,yuz
siwu1238,Siwu,,,,siwu1238,akp
mwan1250,Mwan,,,,mwan1250,moa
wurr1238,Wurrugu,,,,wurr1238,wur
nene1249,Tundra Nenets,,,,nene1249,yrk
dera1245,Dera (Indonesia),,,,dera1245,kbv
kaxu1237,Kaxuiâna,,,,kaxu1237,kbb
kuay1244,Kuay,,,,kuay1244,kdt
band1345,Banda-Ndélé,,,,band1345,bfl
tehu1242,Tehuelche,,,,tehu1242,teh
loko1255,Loko,,,,loko1255,lok
sout2746,Southern Thai,,,,sout2746,sou
guma1252,Kunwinjku,,,,guma1252,gup
cent1972,Central Kurdish,,,,cent1972,ckb
czec1258,Czech,,,,czec1258,ces
loxi1235,Loxicha Zapotec,,,,loxi1235,ztp
yuro1248,Yurok,,,,yuro1248,yur
kung1258,Kunggari,,,,kung1258,kgl
east2304,Eastern Balochi,,,,east2304,bgp
urar1246,Urarina,,,,urar1246,ura
east2773,Eastern Newari,,,,east2773,
chum1261,Chumburung,,,,chum1261,ncu
mbar1254,Mbara-Yanga,,,,mbar1254,mvl
sout2774,Southeast Ijo,,,,sout2774,ijs
lish1246,Lishán Didán,,,,lish1246,trg
wong1246,Wangkumara,,,,wong1246,xwk
mama1278,Mamaindé,,,,mama1278,wmd
guri1247,Gurindji,,,,guri1247,gue
xiri1243,Xiriâna,,,,xiri1243,xir
meen1242,Me'en,,,,meen1242,mym
ajas1235,Aja (Sudan),,,,ajas1235,aja
tenh1241,Tenharim-Parintintin-Diahoi,,,,tenh1241,pah
konn1242,Konni,,,,konn1242,kma
utes1238,Ute-Southern Paiute,,,,utes1238,ute
nawd1238,Nawdm,,,,nawd1238,nmz
djau1244,Jawoyn,,,,djau1244,djn
sasa1249,Sasak,,,,sasa1249,sas
kela1255,Kela (Papua New Guinea),,,,kela1255,kcl
dyaa1242,Dyaabugay,,,,dyaa1242,dyy
west2369,Western Farsi,,,,west2369,pes
kuot1243,Kuot,,,,kuot1243,kto
occi1239,Occitan,,,,occi1239,oci
maln1239,Malngin,,,,maln1239,gue
sout2436,Southwestern Pashto,,,,sout2436,pbt
yawu1244,Yawuru,,,,yawu1244,ywr
dyab1238,Dyaberdyaber,,,,dyab1238,dyb
inor1238,Inor,,,,inor1238,ior
cuvo1236,Cuvok,,,,cuvo1236,cuv
telu1262,Telugu,,,,telu1262,tel
chip1261,Chipewyan,,,,chip1261,chp
wayu1241,Wayu,,,,wayu1241,vay
tana1290,Tanacross,,,,tana1290,tcb
nyaw1245,Nyaw,,,,nyaw1245,nyw
kamb1298,Kambe,,,,kamb1298,nyf
ahan1244,Àhàn,,,,ahan1244,ahn
toho1245,Tohono O'odham,,,,toho1245,ood
yind1247,Yindjibarndi,,,,yind1247,yij
zand1248,Zande,,,,zand1248,zne
tena1240,Tena Lowland Quichua,,,,tena1240,quw
guma1253,Gumatj,,,,guma1253,gnn
lowe1385,Lower Sorbian,,,,lowe1385,dsb
maxa1247,Maxakalí,,,,maxa1247,mbl
kali1299,Kaliai,,,,kali1299,khl
hame1242,Hamer-Banna,,,,hame1242,amf
cham1318,Chamicuro,,,,cham1318,ccc
nucl1683,Daba,,,,nucl1683,dbq
ucay1237,Ucayali-Yurúa Ashéninka,,,,ucay1237,cpb
apuc1241,A-Pucikwar,,,,apuc1241,apq
tamp1252,Tampulma,,,,tamp1252,tpm
legb1242,Legbo,,,,legb1242,agb
uppe1395,Upper Sorbian,,,,uppe1395,hsb
chim1309,Chimila,,,,chim1309,cbg
sanm1295,San Miguel El Grande Mixtec,,,,sanm1295,mig
sala1264,Salar,,,,sala1264,slr
dawr1236,Dawro,,,,dawr1236,dwr
lowa1242,Lowa,,,,lowa1242,loy
suru1263,Suruahá,,,,suru1263,swx
gugu1254,Gugubera,,,,gugu1254,kkp
bumb1241,Bumbita Arapesh,,,,bumb1241,aon
adio1239,Adioukrou,,,,adio1239,adj
arin1244,Aringa,,,,arin1244,luc
fasu1242,Fasu,,,,fasu1242,faa
ahte1237,Ahtena,,,,ahte1237,aht
dyir1250,Dyirbal,,,,dyir1250,dbl
efik1245,Efik,,,,efik1245,efi
wari1262,Wariyangga,,,,wari1262,wri
temi1246,Temiar,,,,temi1246,tea
duru1249,Duruma,,,,duru1249,dug
maku1278,Makuráp,,,,maku1278,mpu
sanm1287,San Mateo del Mar Huave,,,,sanm1287,huv
nonu1241,Nonuya,,,,nonu1241,noj
skol1241,Skolt Saami,,,,skol1241,sms
mans1258,Northern Mansi,,,,mans1258,mns
djin1253,Djinang,,,,djin1253,dji
pait1247,Pai Tavytera,,,,pait1247,pta
digo1243,Digo,,,,digo1243,dig
gune1238,Kune,,,,gune1238,gup
pemo1248,Pemon,,,,pemo1248,aoc
minn1241,Min Nan Chinese,,,,minn1241,nan
kari1301,Karipúna Creole French,,,,kari1301,kmv
waiw1244,Waiwai,,,,waiw1244,waw
keme1240,Kemezung,,,,keme1240,dmo
leti1246,Leti (Indonesia),,,,leti1246,lti
umbu1235,Umbugarla,,,,umbu1235,umr
onei1249,Oneida,,,,onei1249,one
sout2770,Southern Inland Yuin,,,,sout2770,
wamb1258,Wambayan,,,,wamb1258,wmb
inga1252,Inga,,,,inga1252,inb
luya1241,Luyi,,,,luya1241,lyn
djam1256,Djambarrpuyngu,,,,djam1256,djr
yuki1243,Yuki,,,,yuki1243,yuk
mpad1242,Mpade,,,,mpad1242,mpi
kond1295,Konda-Dora,,,,kond1295,kfc
ngan1299,Ngangam,,,,ngan1299,gng
belh1239,Belhariya,,,,belh1239,byw
dhan1270,Dhangu,,,,dhan1270,dhg
guja1252,Gujarati,,,,guja1252,guj
nepa1253,Nepali Kurux,,,,nepa1253,kxl
kaba1278,Kabardian,,,,kaba1278,kbd
ikar1243,Ikaranggal,,,,ikar1243,ikr
kera1256,Keramin,,,,kera1256,
tera1251,Tera,,,,tera1251,ttr
nort2641,Northern Kurdish,,,,nort2641,kmr
ishk1246,Ishkashimi,,,,ishk1246,isk
east2563,Eastern Cham,,,,east2563,cjm
shil1265,Shilluk,,,,shil1265,shk
toar1246,Toaripi,,,,toar1246,tqo
orok1269,Orokaiva,,,,orok1269,okv
zays1236,Zayse,,,,zays1236,zay
sekp1241,Sekpele,,,,sekp1241,lip
suen1241,Suena,,,,suen1241,sue
ngaz1238,Ngazidja Comorian,,,,ngaz1238,zdj
bodo1269,Bodo-Mech,,,,bodo1269,brx
toto1305,Totontepec Mixe,,,,toto1305,mto
morb1239,Mor (Bomberai Peninsula),,,,morb1239,moq
chec1245,Chechen,,,,chec1245,che
nima1245,Nimanbur,,,,nima1245,nmp
yort1237,Yorta Yorta,,,,yort1237,xyy
tetu1245,Tetum,,,,tetu1245,tet
igoo1238,Igo,,,,igoo1238,ahl
khmu1256,Khmu,,,,khmu1256,kjg
otor1240,Otoro,,,,otor1240,otr
zoog1238,Zoogocho Zapotec,,,,zoog1238,zpq
slov1268,Slovenian,,,,slov1268,slv
ntch1242,Ntcham,,,,ntch1242,bud
mala1481,Manado Malay,,,,mala1481,xmm
komi1269,Komi-Permyak,,,,komi1269,koi
waka1274,Wakawaka,,,,waka1274,wkw
nort2943,North Alaskan Inupiatun,,,,nort2943,esi
djap1238,Djapu,,,,djap1238,duj
awab1243,Awabakal,,,,awab1243,awk
kuru1302,Kurukh,,,,kuru1302,kru
baga1272,Baga Sitemu,,,,baga1272,bsp
baka1272,Baka (Cameroon),,,,baka1272,bkc
dera1248,Dera (Nigeria),,,,dera1248,kna
mbee1249,Mbe,,,,mbee1249,mfo
bafi1243,Bafia,,,,bafi1243,ksf
kaya1330,Kayapó,,,,kaya1330,txu
beng1280,Bengali,,,,beng1280,ben
lamb1269,Lambadi,,,,lamb1269,lmn
kara1462,Taiga Sayan Turkic,,,,kara1462,kim
poko1263,Pökoot,,,,poko1263,pko
bako1250,Bakole,,,,bako1250,kme
serb1264,Serbian,,,,serb1264,srp
dalo1238,Daloa Bété,,,,dalo1238,bev
luwo1239,Luwo,,,,luwo1239,lwo
buku1249,Bukusu,,,,buku1249,bxk
yuwa1243,Yuwaalayaay,,,,yuwa1243,kld
sava1244,Savara,,,,sava1244,svr
juru1256,Jurúna,,,,juru1256,jur
ngal1292,Ngalkbun,,,,ngal1292,ngk
itel1242,Itelmen,,,,itel1242,itl
weno1238,Wobe-Wè Northern,,,,weno1238,wob
cent2004,Central Bai,,,,cent2004,bca
moch1256,Mochi,,,,moch1256,old
komi1268,Komi-Zyrian,,,,komi1268,kpv
amii1238,Ami,,,,amii1238,amy
tinp1237,Tinputz,,,,tinp1237,tpz
chim1301,Chimariko,,,,chim1301,cid
akla1241,Aklanon,,,,akla1241,akl
waam1244,Waama,,,,waam1244,wwa
gamb1251,Gambera,,,,gamb1251,gma
nyaw1247,Nyawaygi,,,,nyaw1247,nyt
prin1242,Principense,,,,prin1242,pre
iumi1238,Iu Mien,,,,iumi1238,ium
digo1242,Digor,,,,digo1242,oss
naga1394,Naga Pidgin,,,,naga1394,nag
ahan1243,Ahanta,,,,ahan1243,aha
want1252,Wantoat,,,,want1252,wnc
tonk1249,Tonkawa,,,,tonk1249,tqw
ncan1245,Ncane,,,,ncan1245,ncr
deni1241,Deni,,,,deni1241,dny
mace1250,Macedonian,,,,mace1250,mkd
gaga1249,Gagauz,,,,gaga1249,gag
bank1256,Bankon,,,,bank1256,abb
nort2626,Northern Frisian,,,,nort2626,frr
east2379,Eastern Arrernte,,,,east2379,aer
mayo1261,Mayogo,,,,mayo1261,mdm
sout2833,South Central Dinka,,,,sout2833,dib
yari1243,Yari-Yari,,,,yari1243,
bela1260,Lemeting,,,,bela1260,beg
koyr1240,Koyra Chiini Songhay,,,,koyr1240,khq
jita1239,Jita,,,,jita1239,jit
moch1259,Mochica,,,,moch1259,omc
bila1255,Bila,,,,bila1255,bip
nhan1238,Nhanda,,,,nhan1238,nha
cash1254,Cashinahua,,,,cash1254,cbs
yemb1246,Yemba,,,,yemb1246,ybb
latu1238,Latundê,,,,latu1238,ltn
mpon1254,Mpongmpong,,,,mpon1254,mgg
zulg1242,Zulgo-Gemzek,,,,zulg1242,gnd
waga1260,Wagaya,,,,waga1260,wga
cent2087,Coastal-Naga Bikol,,,,cent2087,bcl
veps1250,Veps,,,,veps1250,vep
sout2790,Southern Birifor,,,,sout2790,biv
kuik1246,Kuikúro-Kalapálo,,,,kuik1246,kui
rita1239,Ritarungo,,,,rita1239,rit
anyi1245,Anyin,,,,anyi1245,any
sout2832,Southwestern Dinka,,,,sout2832,dik
poli1260,Polish,,,,poli1260,pol
nyul1247,Nyulnyul,,,,nyul1247,nyv
kron1241,Krongo,,,,kron1241,kgo
koya1251,Koya,,,,koya1251,kff
yaou1238,Yaouré,,,,yaou1238,yre
bakh1245,Bakhtiari,,,,bakh1245,bqi
ofay1240,Ofayé,,,,ofay1240,opy
werg1234,Wergaia,,,,werg1234,weg
rusy1239,Rusyn,,,,rusy1239,rue
pana1294,Pana,,,,pana1294,pnz
mani1292,Manipuri,,,,mani1292,mni
yukp1241,Yukpa,,,,yukp1241,yup
daun1234,Daungwurrung,,,,daun1234,dgw
mats1244,Matsés,,,,mats1244,mcf
kips1239,Kipsigis,,,,kips1239,sgc
capa1241,Capanahua,,,,capa1241,kaq
mamb1296,Mambwe-Lungu,,,,mamb1296,mgr
even1260,Even,,,,even1260,eve
quil1240,Quileute,,,,quil1240,qui
east2440,East Makian,,,,east2440,mky
komo1260,Komo (Democratic Republic of Congo),,,,komo1260,kmw
iqui1243,Iquito,,,,iqui1243,iqu
halk1245,Halkomelem,,,,halk1245,hur
suku1261,Sukuma,,,,suku1261,suk
cher1273,Cherokee,,,,cher1273,chr
toll1241,Tol,,,,toll1241,jic
thii1234,Thiin,,,,thii1234,iin
kwak1269,Kwak'wala,,,,kwak1269,kwk
nort2787,Northern Toussian,,,,nort2787,tsp
kase1253,Kasem,,,,kase1253,xsm
baba1266,Babanki,,,,baba1266,bbk
kory1246,Koryak,,,,kory1246,kpy
matb1237,Matbat,,,,matb1237,xmt
arit1239,Aritinngitigh,,,,arit1239,dth
basa1284,Basa (Cameroon),,,,basa1284,bas
avat1244,Avatime,,,,avat1244,avn
voti1245,Votic,,,,voti1245,vot
arao1248,Araona,,,,arao1248,aro
kiny1244,Kinyarwanda,,,,kiny1244,kin
kokb1239,Kok Borok,,,,kokb1239,trp
mose1249,Mosetén-Chimané,,,,mose1249,cas
seco1241,Secoya,,,,seco1241,sey
suri1267,Tirma-Chai,,,,suri1267,suq
mith1236,Mithaka,,,,mith1236,
dann1241,Dan,,,,dann1241,daf
apal1257,Apalaí,,,,apal1257,apy
miya1259,Miyako,,,,miya1259,mvi
tzut1248,Tz'utujil,,,,tzut1248,tzj
tese1238,Tese,,,,tese1238,keg
east2516,East Kewa,,,,east2516,kjs
sena1262,Senara Sénoufo,,,,sena1262,seq
haus1257,Hausa,,,,haus1257,hau
resi1247,Resígaro,,,,resi1247,rgr
dual1243,Duala,,,,dual1243,dua
djam1255,Jaminjung-Ngaliwurru,,,,djam1255,djd
tote1238,Totela,,,,tote1238,ttl
burj1242,Burji,,,,burj1242,bji
anfi1235,Anfillo,,,,anfi1235,myo
toba1269,Toba,,,,toba1269,tob
nate1242,Nateni,,,,nate1242,ntm
bara1380,Barasana-Eduria,,,,bara1380,bsn
gang1267,Ganggalida,,,,gang1267,gcd
warr1258,Warrwa,,,,warr1258,wwr
irar1238,Irarutu,,,,irar1238,irh
kala1399,Kalaallisut,,,,kala1399,kal
akun1241,Akuntsu,,,,akun1241,aqz
kuoo1238,Kuo,,,,kuoo1238,xuo
adam1253,Adamawa Fulfulde,,,,adam1253,fub
nucl1643,Japanese,,,,nucl1643,jpn
nucl1305,Kannada,,,,nucl1305,kan
seim1238,Seimat,,,,seim1238,ssg
hupd1244,Hupdë,,,,hupd1244,jup
izii1239,Izi,,,,izii1239,izz
waju1234,Wajuk,,,,waju1234,xwj
sgaw1245,S'gaw Karen,,,,sgaw1245,ksw
mfum1238,Southern Mfumte,,,,mfum1238,nfu
barb1263,Barbareño,,,,barb1263,boi
bidy1244,Kangaki-Kagbaaga-Kajoko Bidyogo,,,,bidy1244,bjg
khal1271,Khalkhal,,,,khal1271,tks
tilq1235,Tilquiapan Zapotec,,,,tilq1235,zts
gida1240,Gidabal,,,,gida1240,gih
iwai1244,Iwaidja,,,,iwai1244,ibd
nige1253,Hausa States Fulfulde,,,,nige1253,fuv
mamb1294,Mambai,,,,mamb1294,mcs
pero1241,Pero,,,,pero1241,pip
bang1339,Banggarla,,,,bang1339,bjb
adyg1241,Adyghe,,,,adyg1241,ady
sang1328,Sango,,,,sang1328,sag
napo1242,Napo Lowland Quechua,,,,napo1242,qvo
dyug1238,Dyugun,,,,dyug1238,dyd
buru1296,Burushaski,,,,buru1296,bsk
mono1270,Mono (Democratic Republic of Congo),,,,mono1270,mnh
lend1245,Lendu,,,,lend1245,led
nort2686,Northern Altai,,,,nort2686,atv
apro1235,Aproumu Aizi,,,,apro1235,ahp
maya1280,Mayaguduna,,,,maya1280,xmy
yans1239,Yansi,,,,yans1239,yns
sanm1289,San Martín Quechua,,,,sanm1289,qvs
duun1241,Duungidjawu,,,,duun1241,wkw
tuli1249,Tulishi,,,,tuli1249,tey
bial1238,Biali,,,,bial1238,beh
dolg1241,Dolgan,,,,dolg1241,dlg
mand1436,Mandinka,,,,mand1436,mnk
bili1250,Bilinarra,,,,bili1250,nbj
mina1268,Minangkabau,,,,mina1268,min
yany1243,Yanyuwa,,,,yany1243,jao
teee1242,Tee,,,,teee1242,tkq
xokl1240,Xokleng,,,,xokl1240,xok
worr1237,Worrorra,,,,worr1237,wro
guja1253,Gujari,,,,guja1253,gju
mart1255,Martuthunira,,,,mart1255,vma
ayab1239,Yintyinka-Ayabadhu,,,,ayab1239,ayd
noma1263,Nomatsiguenga,,,,noma1263,not
sich1238,Sichuan Yi,,,,sich1238,iii
genn1243,Gen,,,,genn1243,gej
kang1280,Kangri,,,,kang1280,xnr
djin1252,Djinba,,,,djin1252,djb
jude1256,Judeo-Tat,,,,jude1256,jdt
baat1238,Baatonum,,,,baat1238,bba
gali1262,Galibi Carib,,,,gali1262,car
yand1251,Yanda,,,,yand1251,yda
seri1257,Seri,,,,seri1257,sei
sion1247,Siona-Tetete,,,,sion1247,snn
izon1238,Izon,,,,izon1238,ijc
kett1243,Ket,,,,kett1243,ket
najd1235,Najdi Arabic,,,,najd1235,ars
mund1320,Mundari,,,,mund1320,unr
hung1278,Hungana-Saamba,,,,hung1278,hum
lena1238,Lenakel,,,,lena1238,tnl
huam1248,Huamalíes-Dos de Mayo Huánuco Quechua,,,,huam1248,qvh
mawa1270,Mawa (Chad),,,,mawa1270,mcw
cent1973,Central Pashto,,,,cent1973,pst
mara1378,Marathi,,,,mara1378,mar
arag1245,Aragonese,,,,arag1245,arg
bese1243,Besermyan,,,,bese1243,udm
hdii1240,Hdi,,,,hdii1240,xed
hixk1239,Hixkaryána,,,,hixk1239,hix
sout2985,Southern Sierra Miwok,,,,sout2985,skd
iaai1238,Iaai,,,,iaai1238,iai
wang1290,Wangganguru,,,,wang1290,wgg
korr1238,Korra Koraga,,,,korr1238,kfd
tiru1241,Tiruray,,,,tiru1241,tiy
taha1241,Tahaggart Tamahaq,,,,taha1241,thv
ngie1241,Ngiemboon,,,,ngie1241,nnh
guwa1244,Guwar,,,,guwa1244,
nubi1253,Nubi,,,,nubi1253,kcn
ship1255,Shipibo,,,,ship1255,shp
mana1295,Manam,,,,mana1295,mva
ilga1238,Ilgar,,,,ilga1238,ilg
moke1242,Moken,,,,moke1242,mwt
kuan1247,Kuanyama,,,,kuan1247,kua
ngiz1242,Ngizim,,,,ngiz1242,ngi
ambo1250,Ambonese Malay,,,,ambo1250,abs
yavi1244,Yavitero,,,,yavi1244,yvt
kway1241,Kwaya,,,,kway1241,kya
dita1238,Ditammari,,,,dita1238,tbz
cuib1242,Cuiba,,,,cuib1242,cui
soni1259,Soninke,,,,soni1259,snk
budu1250,Budu,,,,budu1250,buu
surs1246,Sursurunga,,,,surs1246,sgz
wikn1246,Wikngenchera,,,,wikn1246,wua
yidi1250,Yidiñ,,,,yidi1250,yii
yomm1242,Yom,,,,yomm1242,pil
sate1243,Sateré-Mawé,,,,sate1243,mav
jebe1250,Jebero,,,,jebe1250,jeb
djeo1235,Djeoromitxí,,,,djeo1235,jbt
yang1288,Yangman,,,,yang1288,jng
nugu1241,Nugunu (Australia),,,,nugu1241,nnv
popt1235,Popti',,,,popt1235,jac
dege1246,Degema,,,,dege1246,deg
krik1239,Krikati-Timbira,,,,krik1239,xri
kekc1242,Kekchí,,,,kekc1242,kek
gund1246,Kundjeyhmi,,,,gund1246,gup
adan1251,Adang,,,,adan1251,adn
suda1236,Sudanese Arabic,,,,suda1236,apd
oyka1239,Oykangand,,,,oyka1239,kjn
torw1241,Torwali,,,,torw1241,trw
juma1249,Júma,,,,juma1249,jua
nawu1242,Nawuri,,,,nawu1242,naw
isla1278,Island Carib,,,,isla1278,crb
guay1257,Guayabero,,,,guay1257,guo
tatu1247,Tatuyo,,,,tatu1247,tav
xava1240,Xavánte,,,,xava1240,xav
beja1238,Beja,,,,beja1238,bej
caqu1242,Caquinte,,,,caqu1242,cot
chib1270,Chibcha,,,,chib1270,chb
buru1301,Burun,,,,buru1301,bdi
bilo1248,Biloxi,,,,bilo1248,bll
guan1270,Kinikinao,,,,guan1270,gqn
binb1242,Binbinka,,,,binb1242,wmb
wami1239,Wamin,,,,wami1239,wmi
abuj1237,Abujmaria,,,,abuj1237,mrr
nyah1250,Nyahkur,,,,nyah1250,cbn
embe1260,Emberá-Catío,,,,embe1260,cto
nort2741,Northeastern Thai,,,,nort2741,tts
yuru1263,Yurutí,,,,yuru1263,yui
gade1236,Gade Lohar,,,,gade1236,gda
siri1274,Siriano,,,,siri1274,sri
angu1242,Anguthimri,,,,angu1242,
igna1246,Ignaciano,,,,igna1246,ign
stan1306,Standard Malay,,,,stan1306,zsm
cebu1242,Cebuano,,,,cebu1242,ceb
klao1243,Klao,,,,klao1243,klu
tiga1245,Tigak,,,,tiga1245,tgc
east2652,Eastern Oromo,,,,east2652,hae
plat1254,Plateau Malagasy,,,,plat1254,plt
nuer1246,Nuer,,,,nuer1246,nus
kalk1246,Kalkutung,,,,kalk1246,ktg
kumi1248,Tipai,,,,kumi1248,dih
reye1240,Reyesano,,,,reye1240,rey
ural1274,Urali of Idukki,,,,ural1274,url
chim1302,Chimborazo Highland Quichua,,,,chim1302,qug
keoo1238,Ke'o,,,,keoo1238,xxk
hawk1239,Hawkesbury,,,,hawk1239,xda
nhen1239,Nhengatu,,,,nhen1239,yrl
akur1238,Akurio,,,,akur1238,ako
puel1244,Puelche,,,,puel1244,pue
turk1304,Turkmen,,,,turk1304,tuk
ming1252,Mingrelian,,,,ming1252,xmf
abis1238,Aewa,,,,abis1238,ash
madn1237,Madngele,,,,madn1237,zml
akas1242,Akaselem,,,,akas1242,aks
garo1247,Garo,,,,garo1247,grt
bung1264,Bunganditj,,,,bung1264,xbg
talo1250,Tasomi-Tata,,,,talo1250,tlo
shan1277,Shan,,,,shan1277,shn
kwes1244,Kwese,,,,kwes1244,kws
mink1237,Minkin,,,,mink1237,
mich1243,Michif,,,,mich1243,crg
asha1243,Asháninka,,,,asha1243,cni
kawa1283,Kawaiisu,,,,kawa1283,xaw
hili1240,Hiligaynon,,,,hili1240,hil
stan1325,Standard Latvian,,,,stan1325,lvs
bora1263,Bora,,,,bora1263,boa
nkon1248,Nkonya,,,,nkon1248,nko
malg1242,Malgana,,,,malg1242,vml
ngad1261,Ngad'a,,,,ngad1261,nxg
huba1236,Huba,,,,huba1236,hbb
beem1239,Beembe,,,,beem1239,beq
kumz1235,Kumzari,,,,kumz1235,zum
wanm1242,Wanman,,,,wanm1242,wbt
zulu1248,Zulu,,,,zulu1248,zul
saba1268,Sabanê,,,,saba1268,sae
pemo1245,Pémono,,,,pemo1245,pev
kama1351,Kamas-Koibal,,,,kama1351,xas
sout2672,Southeast Pashayi,,,,sout2672,psi
lush1252,Northern Lushootseed,,,,lush1252,lut
wadj1254,Wadjiginy,,,,wadj1254,wdj
west2368,Western Balochi,,,,west2368,bgn
mari1419,Maringarr,,,,mari1419,zmt
peve1243,Peve,,,,peve1243,lme
nucl1301,Turkish,,,,nucl1301,tur
kala1377,Kala Lagaw Ya,,,,kala1377,mwp
keig1242,Keiga,,,,keig1242,kec
east2328,Eastern Mari,,,,east2328,mhr
east2542,Eastern Ojibwa,,,,east2542,ojg
klam1254,Klamath-Modoc,,,,klam1254,kla
bela1255,Belanda Viri,,,,bela1255,bvi
maor1246,Maori,,,,maor1246,mri
sout2895,South Nuaulu,,,,sout2895,nxl
ndon1254,Ndonga,,,,ndon1254,ndo
thad1238,Thado Chin,,,,thad1238,tcz
masa1300,Masai,,,,masa1300,mas
dibo1245,Dibole,,,,dibo1245,bvx
masa1299,Masaaba,,,,masa1299,myx
nort2952,Northeast Maidu,,,,nort2952,nmu
jung1240,Jungle Inga,,,,jung1240,inj
nort2775,Northwest Gbaya,,,,nort2775,gya
yalu1240,Yalunka,,,,yalu1240,yal
tyan1235,Tyanngayt-Mamngayt-Ntrwangayt-Ntrangit,,,,tyan1235,
befa1241,Befang,,,,befa1241,bby
ngar1235,Ngarinman,,,,ngar1235,nbj
ward1248,Wardandi,,,,ward1248,wxw
gagu1242,Gban,,,,gagu1242,ggu
emai1241,Emai-Iuleha-Ora,,,,emai1241,ema
ejag1239,Ejagham,,,,ejag1239,etu
wara1303,Warao,,,,wara1303,wba
maqu1238,Maquiritari,,,,maqu1238,mch
deny1238,Denya,,,,deny1238,anv
pich1237,Pichis Ashéninka,,,,pich1237,cpu
domp1238,Dompo,,,,domp1238,doy
enap1235,Panare,,,,enap1235,pbh
wara1290,Warray,,,,wara1290,wrz
kuna1268,Kunama,,,,kuna1268,kun
rikb1245,Rikbaktsa,,,,rikb1245,rkb
mura1269,Kuninjku,,,,mura1269,gup
wang1288,Wangkajunga,,,,wang1288,mpj
siam1242,Siamou,,,,siam1242,sif
shua1257,Shuar,,,,shua1257,jiv
dzal1238,Dzalakha,,,,dzal1238,dzl
bamb1269,Bambara,,,,bamb1269,bam
chee1238,Che,,,,chee1238,ruk
zarm1239,Zarma-Kaado,,,,zarm1239,dje
boik1241,Boikin,,,,boik1241,bzf
roma1327,Romanian,,,,roma1327,ron
luuu1242,Lü,,,,luuu1242,khb
nort2972,Northern Emberá,,,,nort2972,emp
djan1238,Djangun,,,,djan1238,djf
pano1255,Panobo,,,,pano1255,pno
kala1381,Kalabari,,,,kala1381,ijn
paco1243,Pacoh,,,,paco1243,pac
biri1256,Biri,,,,biri1256,bzr
sida1246,Sidamo,,,,sida1246,sid
bela1256,Belanda Bor,,,,bela1256,bxb
lowe1436,Lower Southern Aranda,,,,lowe1436,axl
kama1367,Kamasau,,,,kama1367,kms
gugu1253,Gugu Badhun,,,,gugu1253,gdc
como1259,Comox,,,,como1259,coo
baka1274,Baka (Sudan),,,,baka1274,bdh
sera1259,Saraiki,,,,sera1259,skr
buam1238,Buamu,,,,buam1238,box
doma1258,Domari,,,,doma1258,rmt
guin1254,Guinea Kpelle,,,,guin1254,gkp
nort2735,Northern Dong,,,,nort2735,doc
guer1243,Guerrero Amuzgo,,,,guer1243,amu
anta1253,Antakarinya,,,,anta1253,ant
cros1244,Cross River Mbembe,,,,cros1244,mfn
shum1243,Shumcho,,,,shum1243,scu
pall1243,Pallanganmiddang,,,,pall1243,
erzy1239,Erzya,,,,erzy1239,myv
myen1241,Myene,,,,myen1241,mye
esee1248,Ese Ejja,,,,esee1248,ese
chuk1273,Chukchi,,,,chuk1273,ckt
sian1254,Siang,,,,sian1254,sya
cent1990,Central Nicobarese,,,,cent1990,ncb
bero1242,Berom,,,,bero1242,bom
stan1290,French,,,,stan1290,fra
wuzl1236,Wuzlam,,,,wuzl1236,udl
vani1248,Vanimo,,,,vani1248,vam
sanm1298,San Martín Itunyoso Triqui,,,,sanm1298,trq
godi1239,Godié,,,,godi1239,god
ndzw1235,Ndzwani Comorian,,,,ndzw1235,wni
kusu1250,Kusunda,,,,kusu1250,kgg
tapi1253,Tapieté,,,,tapi1253,tpj
puin1248,Puinave,,,,puin1248,pui
yiry1245,Yir-Yoront,,,,yiry1245,yiy
dakp1242,Dakpakha,,,,dakp1242,dka
cadd1256,Caddo,,,,cadd1256,cad
logb1245,Logba,,,,logb1245,lgq
gude1246,Gude,,,,gude1246,gde
bade1248,Bade,,,,bade1248,bde
waru1264,Warrongo,,,,waru1264,wrg
thur1254,Thurawal,,,,thur1254,tbh
siks1238,Siksika,,,,siks1238,bla
krio1253,Krio,,,,krio1253,kri
kiow1266,Kiowa,,,,kiow1266,kio
chac1251,Chácobo,,,,chac1251,cao
ngem1255,Ngemba,,,,ngem1255,nge
imon1245,Imonda,,,,imon1245,imn
gali1258,Galician,,,,gali1258,glg
ezaa1238,Ezaa,,,,ezaa1238,eza
yoru1245,Yoruba,,,,yoru1245,yor
ukra1253,Ukrainian,,,,ukra1253,ukr
sooo1256,Soo,,,,sooo1256,teu
biga1237,Bigambal,,,,biga1237,xbe
toro1252,Toro So Dogon,,,,toro1252,dts
ghom1247,Ghomálá',,,,ghom1247,bbj
tuyu1244,Tuyuca,,,,tuyu1244,tue
tibe1272,Tibetan,,,,tibe1272,bod
nucl1649,Southern-Coastal Tsimshian,,,,nucl1649,tsi
scot1243,Scots,,,,scot1243,sco
aran1237,Arandai,,,,aran1237,jbj
pali1279,Palikúr,,,,pali1279,plu
juan1238,Juang,,,,juan1238,jun
shwa1239,Shwai,,,,shwa1239,shw
kari1304,Kariyarra,,,,kari1304,vka
topo1242,Toposa,,,,topo1242,toq
pech1241,Pech,,,,pech1241,pay
timn1235,Timne,,,,timn1235,tem
kaxa1239,Kaxararí,,,,kaxa1239,ktx
ndog1248,Ndogo,,,,ndog1248,ndz
teen1242,Téén,,,,teen1242,lor
quio1240,Quiotepec Chinantec,,,,quio1240,chq
plau1238,Plautdietsch,,,,plau1238,pdt
nort2984,Northern Pame,,,,nort2984,pmq
dyul1238,Dyula,,,,dyul1238,dyu
para1315,Pará Gavião,,,,para1315,gvp
wawa1246,Wawa,,,,wawa1246,www
gang1268,Gangulu,,,,gang1268,gnl
mayi1235,Mayi-Yapi,,,,mayi1235,xyj
ache1246,Aché,,,,ache1246,guq
nort2745,Northern Yukaghir,,,,nort2745,ykg
nucl1729,Nuclear Tamang,,,,nucl1729,
bula1255,Bularnu,,,,bula1255,
kyer1238,Kyerung,,,,kyer1238,kgy
here1253,Herero,,,,here1253,her
dobu1241,Dobu,,,,dobu1241,dob
indo1317,Indonesian Bajau,,,,indo1317,bdl
puri1262,Puri,,,,puri1262,prr
sayu1241,Sayula Popoluca,,,,sayu1241,pos
yadh1237,Yadhaykenu,,,,yadh1237,
amar1274,Amarakaeri,,,,amar1274,amr
tzel1254,Tzeltal,,,,tzel1254,tzh
gure1255,Gureng Gureng,,,,gure1255,gnr
tele1256,Telefol,,,,tele1256,tlf
saam1283,Saamia,,,,saam1283,lsm
uppe1455,Upper Guinea Crioulo,,,,uppe1455,pov
bafu1246,Bafut,,,,bafu1246,bfd
temb1276,Tenetehara,,,,temb1276,tqb
amas1236,Ama (Sudan),,,,amas1236,nyi
wash1253,Washo,,,,wash1253,was
kama1373,Kamayurá,,,,kama1373,kay
tata1257,Tatana,,,,tata1257,txx
mund1330,Mundurukú,,,,mund1330,myu
eton1253,Eton-Mengisa,,,,eton1253,eto
maib1239,Maybrat-Karon,,,,maib1239,ayz
daww1239,Dâw,,,,daww1239,kwa
mogh1246,Moghamo,,,,mogh1246,mgo
mamp1244,Mampruli,,,,mamp1244,maw
bafa1249,Bafanji,,,,bafa1249,bfj
koal1240,Koalib-Rere,,,,koal1240,kib
friu1240,Friulian,,,,friu1240,fur
wand1263,Wandarang,,,,wand1263,wnd
gbay1281,Gbaya-Mbodomo,,,,gbay1281,gmm
susu1250,Susu,,,,susu1250,sus
rund1242,Rundi,,,,rund1242,run
kaiw1246,Kaiwá,,,,kaiw1246,kgk
lele1276,Lele (Chad),,,,lele1276,lln
pnar1238,Pnar,,,,pnar1238,pbv
gana1278,Ganai,,,,gana1278,unn
mezq1235,Mezquital Otomi,,,,mezq1235,ote
yuga1244,Yugambal,,,,yuga1244,yub
maka1311,Makasar,,,,maka1311,mak
seba1251,Sebat Bet Gurage,,,,seba1251,sgw
bujh1238,Bujhyal,,,,bujh1238,byh
mori1268,Mori Bawah,,,,mori1268,xmz
luva1239,Luvale,,,,luva1239,lue
kitu1246,Kituba (Democratic Republic of Congo),,,,kitu1246,ktu
ghod1238,Godoberi,,,,ghod1238,gdo
yare1248,Yareba,,,,yare1248,yrb
kare1335,Karelian,,,,kare1335,krl
nuka1242,Nukak Makú,,,,nuka1242,mbr
haio1238,Hai//om,,,,haio1238,hgm
konk1269,Konkomba,,,,konk1269,xon
aika1237,Aikanã,,,,aika1237,tba
yith1234,Yitha Yitha,,,,yith1234,xth
twee1234,Tweed-Albert,,,,twee1234,xjb
tiag1235,Tiagbamrin Aizi,,,,tiag1235,ahi
orej1242,Maijiki,,,,orej1242,ore
hang1263,Hanga Hundi,,,,hang1263,wos
ngos1238,Ngoshie,,,,ngos1238,nsh
naia1238,Manyallaluk Mayali,,,,naia1238,gup
nama1265,Nama,,,,nama1265,naq
kari1311,Karitiâna,,,,kari1311,ktn
andi1255,Andi,,,,andi1255,ani
cogu1240,Cogui,,,,cogu1240,kog
stan1293,English,,,,stan1293,eng
krim1238,Krim,,,,krim1238,krm
iged1239,Igede,,,,iged1239,ige
goli1247,Golin,,,,goli1247,gvf
maca1259,Macaguán,,,,maca1259,mbn
matu1259,Matumbi,,,,matu1259,mgw
umpi1239,Umpila,,,,umpi1239,ump
nauk1242,Naukan Yupik,,,,nauk1242,ynk
east2337,East Yugur,,,,east2337,yuy
ivat1242,Itbayat,,,,ivat1242,ivv
marg1253,Margany,,,,marg1253,zmc
mang1394,Mangbetu,,,,mang1394,mdj
kang1281,Kangjia,,,,kang1281,kxs
bert1248,Berta,,,,bert1248,wti
paum1247,Paumari,,,,paum1247,pad
noma1260,Nomaande,,,,noma1260,lem
achu1248,Achuar-Shiwiar,,,,achu1248,acu
bili1260,Bilin,,,,bili1260,byn
lele1264,Lelemi,,,,lele1264,lef
yuqu1240,Yuqui,,,,yuqu1240,yuq
nort2671,North Saami,,,,nort2671,sme
dime1235,Dime,,,,dime1235,dim
wayu1243,Wayuu,,,,wayu1243,guc
alab1254,Alaba-K'abeena,,,,alab1254,alw
orma1241,Orma,,,,orma1241,orc
kano1245,Kanoê,,,,kano1245,kxo
afri1274,Afrikaans,,,,afri1274,afr
mini1256,Minica Huitoto,,,,mini1256,hto
maon1238,Mao Naga,,,,maon1238,nbi
usar1243,Usarufa,,,,usar1243,usa
guan1269,Kotiria,,,,guan1269,gvc
wadi1261,Wadikali,,,,wadi1261,wdk
bada1257,Badaga,,,,bada1257,bfq
bubi1249,Bubia,,,,bubi1249,bbx
waim1253,Waimiri-Atroari,,,,waim1253,atr
suii1243,Sui,,,,suii1243,swi
mira1251,Mirandese,,,,mira1251,mwl
nyeu1238,Nyeu,,,,nyeu1238,nyl
kaya1319,Kayardild,,,,kaya1319,gyd
arhu1242,Arhuaco,,,,arhu1242,arh
mayi1236,Mayi-Kulan,,,,mayi1236,xyk
colo1256,Tsafiki,,,,colo1256,cof
dido1241,Tsez,,,,dido1241,ddo
gund1248,Gundungurra,,,,gund1248,xrd
toch1257,Tocho,,,,toch1257,taz
ajab1235,Aja (Benin),,,,ajab1235,ajg
fuln1247,Fulniô,,,,fuln1247,fun
cent2150,Central Tunebo,,,,cent2150,tuf
walm1241,Walmajarri,,,,walm1241,wmt
mara1404,Maranao,,,,mara1404,mrw
yaku1245,Sakha,,,,yaku1245,sah
cent2142,Central Aymara,,,,cent2142,ayr
beli1260,Belize Kriol English,,,,beli1260,bzj
umbu1257,Umbundu,,,,umbu1257,umb
pohn1238,Pohnpeian,,,,pohn1238,pon
chon1287,Chonyi-Dzihana-Kauma,,,,chon1287,coh
pisa1245,Pisamira,,,,pisa1245,
nort2627,Eastern Low German,,,,nort2627,nds
kuvi1243,Kuvi,,,,kuvi1243,kxv
hopi1249,Hopi,,,,hopi1249,hop
kwai1243,Kwaio,,,,kwai1243,kwd
halh1238,Halh Mongolian,,,,halh1238,khk
leng1258,Lengola,,,,leng1258,lej
mode1248,Modern Greek,,,,mode1248,ell
gugu1255,Guugu Yimidhirr,,,,gugu1255,kky
yaga1262,Yagara,,,,yaga1262,yxg
nucl1620,Wahgi,,,,nucl1620,wgi
nupe1254,Nupe-Nupe-Tako,,,,nupe1254,nup
chau1259,Chaudangsi,,,,chau1259,cdn
stan1318,Standard Arabic,,,,stan1318,arb
chol1284,Cholón,,,,chol1284,cht
malo1243,Tamambo,,,,malo1243,mla
nort2697,North Azerbaijani,,,,nort2697,azj
diml1238,Dimli,,,,diml1238,diq
nucl1440,Masalit,,,,nucl1440,mls
cane1242,Canela-Krahô,,,,cane1242,ram
tofi1235,Tofin Gbe,,,,tofi1235,tfi
juho1239,South-Eastern Ju,,,,juho1239,ktz
ngar1286,Ngarla on the Ashburton river south of the Hamersley range,,,,ngar1286,nlr
mono1269,Mono (Cameroon),,,,mono1269,mru
mend1266,Mende (Sierra Leone),,,,mend1266,men
vute1244,Vute,,,,vute1244,vut
yala1262,Yalarnnga,,,,yala1262,ylr
narp1239,Nar Phu,,,,narp1239,npa
adny1235,Adnyamathanha,,,,adny1235,adt
dhiv1236,Dhivehi,,,,dhiv1236,div
guga1239,Gugadj,,,,guga1239,ggd
dier1241,Dieri,,,,dier1241,dif
isok1239,Isoko,,,,isok1239,iso
nyig1240,Nyigina,,,,nyig1240,nyh
bamu1253,Bamun,,,,bamu1253,bax
hooo1248,Ho,,,,hooo1248,hoc
yuhu1238,Yuhup,,,,yuhu1238,yab
camp1261,Campidanese Sardinian,,,,camp1261,sro
para1301,South Wa,,,,para1301,prk
mang1382,Mangerr,,,,mang1382,zme
madh1244,Madhi Madhi,,,,madh1244,dmd
temm1241,Tem,,,,temm1241,kdh
mart1254,Marti Ke,,,,mart1254,zmg
jurm1239,Jur Modo,,,,jurm1239,bex
taca1256,Tacana,,,,taca1256,tna
minj1242,Minjangbal,,,,minj1242,xjb
nort2780,Northern Dagara,,,,nort2780,dgi
kart1247,Kartujarra,,,,kart1247,mpj
moro1285,Moro,,,,moro1285,mor
bana1305,Bana,,,,bana1305,bcw
sumb1240,Sumbwa,,,,sumb1240,suw
ngar1287,Ngarluma,,,,ngar1287,nrl
papa1238,Papantla Totonac,,,,papa1238,top
cavi1250,Cavineña,,,,cavi1250,cav
phut1244,Phu Thai,,,,phut1244,pht
dghw1239,Dghwede,,,,dghw1239,dgh
jumj1238,Jumjum,,,,jumj1238,jum
fefe1239,Fe'fe',,,,fefe1239,fmp
taba1266,Tabasco Chontal,,,,taba1266,chf
toca1235,Tocantins Asurini,,,,toca1235,asu
yaoo1241,Yao,,,,yaoo1241,yao
yane1238,Yanesha',,,,yane1238,ame
acha1249,Longchuan Achang,,,,acha1249,acn
mbuk1240,Mbukushu,,,,mbuk1240,mhw
nucl1310,Burmese,,,,nucl1310,mya
inap1243,Iñapari,,,,inap1243,inp
nort3047,North Giziga,,,,nort3047,gis
dani1285,Danish,,,,dani1285,dan
wuna1249,Wunambal,,,,wuna1249,wub
lave1249,Brao,,,,lave1249,brb
kadi1248,Kadiwéu,,,,kadi1248,kbc
ters1235,Ter Saami,,,,ters1235,sjt
nyam1277,Nyambo,,,,nyam1277,now
lara1258,Laragia,,,,lara1258,lrg
dink1262,Dinka,,,,dink1262,din
avac1239,Avá-Canoeiro,,,,avac1239,avv
bouy1240,Bouyei,,,,bouy1240,pcc
subi1246,Subiya,,,,subi1246,sbs
paka1251,Pakanha,,,,paka1251,pkn
awiy1238,Awiyaana,,,,awiy1238,auy
waya1270,Wayampi,,,,waya1270,oym
faro1244,Faroese,,,,faro1244,fao
mind1253,Min Dong Chinese,,,,mind1253,cdo
tolo1259,Tolowa-Chetco,,,,tolo1259,tol
paez1247,Páez,,,,paez1247,pbb
yaba1248,Yabarana,,,,yaba1248,yar
lazz1240,Laz,,,,lazz1240,lzz
kain1272,Kaingang,,,,kain1272,kgp
kaby1243,Kabyle,,,,kaby1243,kab
bard1255,Bardi,,,,bard1255,bcj
nort2957,Northern Puebla Nahuatl,,,,nort2957,ncj
west2443,Western Victoria,,,,west2443,
piny1238,Pinyin,,,,piny1238,pny
mato1253,Mato Grosso Arára,,,,mato1253,axg
wotj1234,Wotjobaluk,,,,wotj1234,xwt
alaw1244,Alawa,,,,alaw1244,alh
wayi1238,Wayilwan,,,,wayi1238,wyb
omag1248,Omagua,,,,omag1248,omg
ngar1283,Ngarnka,,,,ngar1283,nji
blan1242,Blang,,,,blan1242,blr
tiwi1244,Tiwi,,,,tiwi1244,tiw
yank1247,Yankunytjatjara,,,,yank1247,kdd
guah1255,Guahibo,,,,guah1255,guh
siar1238,Siar-Lak,,,,siar1238,sjr
ital1282,Italian,,,,ital1282,ita
pint1250,Pintupi-Luritja,,,,pint1250,piu
fern1234,Pichi,,,,fern1234,fpe
ashe1272,Ashéninka Perené,,,,ashe1272,prq
nucl1460,Madurese,,,,nucl1460,mad
gayo1244,Gayo,,,,gayo1244,gay
wira1262,Wiradhuri,,,,wira1262,wrh
wint1259,Wintu,,,,wint1259,wit
chac1250,Chachapoyas Quechua,,,,chac1250,quk
huar1255,Huarijio,,,,huar1255,var
kwam1251,Kwambi,,,,kwam1251,kwm
luch1239,Luchazi,,,,luch1239,lch
mesq1240,Mesqan,,,,mesq1240,mvz
fraf1238,Frafra,,,,fraf1238,gur
aghu1254,Aghu Tharnggalu,,,,aghu1254,ggr
chol1282,Chol,,,,chol1282,ctu
vach1239,Vach Khanty,,,,vach1239,
pagi1243,Pagibete,,,,pagi1243,pae
gudj1237,Gudjal,,,,gudj1237,
wori1245,Worimi,,,,wori1245,kda
djab1234,Djabwurrung,,,,djab1234,tjw
ndai1238,Ndai,,,,ndai1238,gke
ashe1269,Ashe,,,,ashe1269,ahs
umii1236,Umiida,,,,umii1236,xud
adan1247,Adangme,,,,adan1247,ada
acol1236,Acoli,,,,acol1236,ach
chac1249,Cha'palaa,,,,chac1249,cbi
kups1238,Kupsabiny,,,,kups1238,kpz
alab1237,Alabama,,,,alab1237,akz
tlin1245,Tlingit,,,,tlin1245,tli
nucl1339,Temein,,,,nucl1339,teq
mbuu1238,Ajumbu,,,,mbuu1238,muc
dyan1250,Dyangadi,,,,dyan1250,dyn
hadz1240,Hadza,,,,hadz1240,hts
lagw1237,Lagwan,,,,lagw1237,kot
onge1236,Önge,,,,onge1236,oon
brib1243,Bribri,,,,brib1243,bzd
iraq1241,Iraqw,,,,iraq1241,irk
anei1239,Aneityum,,,,anei1239,aty
vame1236,Vame,,,,vame1236,mlr
wiyo1248,Wiyot,,,,wiyo1248,wiy
duru1236,Duruwa,,,,duru1236,pci
nucl1347,Wolof,,,,nucl1347,wol
njeb1242,Njebi,,,,njeb1242,nzb
nucl1290,Zhenkang Wa,,,,nucl1290,wbm
hung1274,Hungarian,,,,hung1274,hun
cent1989,Central Khmer,,,,cent1989,khm
bamu1256,Bamunka,,,,bamu1256,bvm
kham1282,Khams Tibetan,,,,kham1282,khg
umbu1256,Umbuygamu,,,,umbu1256,umg
kete1252,Kete,,,,kete1252,kcv
epen1239,Epena,,,,epen1239,sja
mada1293,Mada (Cameroon),,,,mada1293,mxu
east2398,Eastern Karaboro,,,,east2398,xrb
bord1248,Border Kuna,,,,bord1248,kvn
anyi1244,Anyin Morofo,,,,anyi1244,mtb
mudb1240,Mudburra,,,,mudb1240,mwd
reun1238,Réunion Creole French,,,,reun1238,rcf
long1387,Longto,,,,long1387,wok
sout2828,Southern Ma'di,,,,sout2828,snm
chic1270,Chickasaw,,,,chic1270,cic
gata1239,Gata',,,,gata1239,gaq
bagi1246,Bagirmi,,,,bagi1246,bmi
rong1268,Ronga,,,,rong1268,rng
koka1244,Kokata,,,,koka1244,ktd
kita1249,Kita Maninkakan,,,,kita1249,mwk
trum1247,Trumai,,,,trum1247,tpy
nucl1633,Nimboran,,,,nucl1633,nir
tiey1235,Tiéyaxo Bozo,,,,tiey1235,boz
yamb1252,Yambeta,,,,yamb1252,yat
band1352,Bandi,,,,band1352,bza
angg1238,Angkamuthi,,,,angg1238,avm
tupi1273,Tupinambá,,,,tupi1273,tpn
konk1267,Maharashtrian Konkani,,,,konk1267,knn
kash1277,Kashmiri,,,,kash1277,kas
bena1262,Bena (Tanzania),,,,bena1262,bez
boro1282,Bororo,,,,boro1282,bor
kore1280,Korean,,,,kore1280,kor
ainu1240,Hokkaido Ainu,,,,ainu1240,ain
mulu1243,Muluridyi,,,,mulu1243,vmu
mian1257,Mianmin,,,,mian1257,mpt
dupa1235,Dupaninan Agta,,,,dupa1235,duo
baan1242,Baangi,,,,baan1242,bqx
tain1252,Tai Nüa,,,,tain1252,tdd
defa1248,Defaka,,,,defa1248,afn
warl1254,Warlpiri,,,,warl1254,wbp
bura1267,Burarra,,,,bura1267,bvr
tsha1245,Tshangla,,,,tsha1245,tsj
sout2856,South Efate,,,,sout2856,erk
liby1240,Libyan Arabic,,,,liby1240,ayl
jand1248,Jandai,,,,jand1248,jan
mala1464,Malayalam,,,,mala1464,mal
iyow1239,Iyo'wujwa Chorote,,,,iyow1239,crq
okoo1245,Oko,,,,okoo1245,oks
mbum1254,Mbum,,,,mbum1254,mdd
iris1253,Irish,,,,iris1253,gle
cent2144,Central Mazahua,,,,cent2144,maz
lele1266,Lele (Guinea),,,,lele1266,llc
ngan1296,Nganyaywana,,,,ngan1296,nyx
sumi1235,Sumi Naga,,,,sumi1235,nsm
pitj1243,Pitjantjatjara,,,,pitj1243,pjt
ormu1247,Ormuri,,,,ormu1247,oru
nort2828,North Moluccan Malay,,,,nort2828,max
mola1238,Molale,,,,mola1238,mbe
nucl1668,Katukína,,,,nucl1668,kav
mwal1237,Mwali Comorian,,,,mwal1237,wlc
alam1246,Alamblak,,,,alam1246,amp
wakh1245,Wakhi,,,,wakh1245,wbl
kahe1238,Kahe,,,,kahe1238,hka
wang1289,Wanggamala,,,,wang1289,wnm
panj1256,Eastern Panjabi,,,,panj1256,pan
kwam1249,Kwama,,,,kwam1249,kmq
mala1522,Malayo,,,,mala1522,mbp
vagl1239,Vagla,,,,vagl1239,vag
maba1273,Mabaan,,,,maba1273,mfz
ngin1247,Ngindadj,,,,ngin1247,
nucl1634,Skou,,,,nucl1634,skv
nava1243,Navajo,,,,nava1243,nav
badi1246,Badimaya,,,,badi1246,bia
varl1238,Varli,,,,varl1238,vav
hara1271,Harari,,,,hara1271,har
kala1380,Kalali,,,,kala1380,gll
lezg1247,Lezgian,,,,lezg1247,lez
fili1244,Filipino,,,,fili1244,fil
kiri1254,Kirike,,,,kiri1254,okr
efut1241,Efutu,,,,efut1241,afu
eten1239,Eten,,,,eten1239,etx
muin1242,Muinane,,,,muin1242,bmr
tewa1260,Rio Grande Tewa,,,,tewa1260,tew
koor1239,Koorete,,,,koor1239,kqy
siss1243,Sissano,,,,siss1243,sso
bret1244,Breton,,,,bret1244,bre
kura1250,Kuranko,,,,kura1250,knk
nuku1263,Nukuini,,,,nuku1263,nuc
dizi1235,Dizin,,,,dizi1235,mdx
trio1238,Trió,,,,trio1238,tri
tsot1241,Tsotso,,,,tsot1241,lto
pare1266,Gorum-Parenga,,,,pare1266,pcj
gwen1239,Gweno,,,,gwen1239,gwe
urue1240,Uru-Eu-Wau-Wau,,,,urue1240,urz
nyam1276,Nyamwezi,,,,nyam1276,nym
gbar1246,Gbari,,,,gbar1246,gby
gung1248,Gungabula,,,,gung1248,gyf
niel1243,Niellim,,,,niel1243,nie
ayer1246,Ayerrerenge,,,,ayer1246,axe
puri1258,Purik-Sham-Nubra,,,,puri1258,prx
gara1269,Garrwa,,,,gara1269,wrk
kele1255,Kele-Foma,,,,kele1255,khy
lusi1240,Lusi,,,,lusi1240,khl
stan1295,German,,,,stan1295,deu
lugb1240,Lugbara,,,,lugb1240,lgg
tini1245,Tinigua,,,,tini1245,tit
wuli1242,Wuliwuli,,,,wuli1242,wlu
finn1318,Finnish,,,,finn1318,fin
gheg1238,Gheg Albanian,,,,gheg1238,aln
jaru1254,Jaru,,,,jaru1254,ddj
kera1255,Kera,,,,kera1255,ker
adze1240,Adzera,,,,adze1240,adz
amdo1237,Amdo Tibetan,,,,amdo1237,adx
xwel1235,Xwela Gbe,,,,xwel1235,xwe
zoee1240,Zo'é,,,,zoee1240,pto
jerr1238,Jerriais,,,,jerr1238,nrf
maka1304,Makaa,,,,maka1304,mcp
ungg1243,Unggumi,,,,ungg1243,xgu
lang1322,Lango (Sudan),,,,lang1322,lno
nisg1240,Nisga'a,,,,nisg1240,ncg
chah1248,Chaha,,,,chah1248,sgw
tigo1236,Tigon Mbembe,,,,tigo1236,nza
dagi1241,Dagik,,,,dagi1241,dec
hadi1240,Hadiyya,,,,hadi1240,hdy
bata1285,Batanga,,,,bata1285,bnm
koas1236,Koasati,,,,koas1236,cku
mund1328,Mundabli,,,,mund1328,boe
nort2795,Zimbabwean Ndebele,,,,nort2795,nde
chuv1255,Chuvash,,,,chuv1255,chv
curr1243,Curripaco,,,,curr1243,kpc
kara1478,Karang,,,,kara1478,kzr
yine1238,Yine,,,,yine1238,pib
wamb1259,Wambon,,,,wamb1259,wms
nort2699,Northwestern Kolami,,,,nort2699,kfb
punt1240,Punthamara,,,,punt1240,xpt
elfd1234,Elfdalian,,,,elfd1234,ovd
yulp1239,Yulparija,,,,yulp1239,
barr1247,Barrow Point,,,,barr1247,bpt
yinw1236,Yinwum,,,,yinw1236,
kuny1238,Kunyi,,,,kuny1238,njx
bulg1262,Bulgarian,,,,bulg1262,bul
tigr1271,Tigrinya,,,,tigr1271,tir
bilu1245,Bilua,,,,bilu1245,blb
kist1241,Kistane,,,,kist1241,gru
gami1243,Yuwaalaraay-Gamilaraay,,,,gami1243,kld
zagh1240,Beria,,,,zagh1240,zag
peng1244,Pengo,,,,peng1244,peg
tuni1252,Tunica,,,,tuni1252,tun
olub1238,Olu'bo,,,,olub1238,lul
ocai1244,Ocaina,,,,ocai1244,oca
idaa1241,Ida'an,,,,idaa1241,dbj
jiar1240,Northern Gyalrong,,,,jiar1240,jya
abkh1244,Abkhazian,,,,abkh1244,abk
lama1288,Lamang,,,,lama1288,hia
yagn1238,Yagnobi,,,,yagn1238,yai
jams1239,Jamsay Dogon,,,,jams1239,djm
uruu1244,Uru,,,,uruu1244,ure
kani1276,Kaniyang,,,,kani1276,nys
nyan1301,Nyangumarta,,,,nyan1301,nna
icel1247,Icelandic,,,,icel1247,isl
lamu1254,Lamalama,,,,lamu1254,lby
bari1286,Bariai,,,,bari1286,bch
bond1245,Bondo,,,,bond1245,bfw
nige1255,Western Mambila,,,,nige1255,mzk
wikn1245,Wik-Ngathana,,,,wikn1245,wig
nung1283,Nung (Viet Nam),,,,nung1283,nut
texi1237,Texistepec Popoluca,,,,texi1237,poq
nort2690,Northern Uzbek,,,,nort2690,uzn
hebr1245,Modern Hebrew,,,,hebr1245,heb
lamb1276,Lambayeque Quechua,,,,lamb1276,quf
tune1261,Tunen,,,,tune1261,tvu
ngan1295,Ngandi,,,,ngan1295,nid
kala1401,Kalaamaya,,,,kala1401,lkm
dark1243,Darkhat,,,,dark1243,drh
mung1266,Mungaka,,,,mung1266,mhk
nige1257,Nigerian Pidgin,,,,nige1257,pcm
kuii1252,Kui (India),,,,kuii1252,kxu
khas1269,Khasi,,,,khas1269,kha
gida1247,Gidar,,,,gida1247,gid
coma1245,Comanche,,,,coma1245,com
west2458,West Central Banda,,,,west2458,bbp
akpe1248,Akpes,,,,akpe1248,ibe
tuvi1240,Tuvinian,,,,tuvi1240,tyv
muya1243,Muyang,,,,muya1243,muy
west2354,Western Frisian,,,,west2354,fry
afar1241,Afar,,,,afar1241,aar
kabu1256,Kabuverdianu,,,,kabu1256,kea
moks1248,Moksha,,,,moks1248,mdf
chim1300,Chimalapa Zoque,,,,chim1300,zoh
roto1249,Rotokas,,,,roto1249,roo
buli1254,Buli (Ghana),,,,buli1254,bwu
anii1245,Anii,,,,anii1245,blo
mada1282,Mada (Nigeria),,,,mada1282,mda
iban1264,Iban,,,,iban1264,iba
gaga1251,Gaagudju,,,,gaga1251,gbu
nari1240,Narim,,,,nari1240,loh
benc1235,Bench,,,,benc1235,bcq
dhud1236,Dhudhuroa,,,,dhud1236,
leco1242,Leco,,,,leco1242,lec
ngan1300,Ngandyera,,,,ngan1300,nne
kisa1263,Kisa,,,,kisa1263,lks
nort2684,Northern Khmer,,,,nort2684,kxm
para1312,Parakanã,,,,para1312,pak
sela1259,Selaru,,,,sela1259,slu
livv1244,Liv,,,,livv1244,liv
guwa1242,Guwa,,,,guwa1242,xgw
auuu1241,Au,,,,auuu1241,avt
pano1254,Panoan Katukína,,,,pano1254,knt
mere1246,Merey,,,,mere1246,meq
ajyi1238,Ajyíninka Apurucayali,,,,ajyi1238,cpc
kitu1245,Kituba (Congo),,,,kitu1245,mkw
macu1259,Macushi,,,,macu1259,mbc
bamb1265,Bambalang,,,,bamb1265,bmo
coco1260,Cocos Islands Malay,,,,coco1260,coa
sund1252,Sundanese,,,,sund1252,sun
malt1254,Maltese,,,,malt1254,mlt
sata1237,Satawalese,,,,sata1237,stw
huas1242,Huastec,,,,huas1242,hus
oriy1255,Odia,,,,oriy1255,ory
waya1269,Wayana,,,,waya1269,way
muru1266,Muruwari,,,,muru1266,zmu
waim1255,Waimaha,,,,waim1255,bao
gura1252,Guragone,,,,gura1252,gge
degg1238,Deg,,,,degg1238,mzw
kaur1267,Kaurna,,,,kaur1267,zku
nyun1247,Nyunga,,,,nyun1247,nys
huaa1248,East Taa,,,,huaa1248,nmn
maay1238,Maay,,,,maay1238,ymm
kaka1265,Kakabe,,,,kaka1265,kke
djindewal,,,,,,
arbe1236,Arbëreshë Albanian,,,,arbe1236,aae
east1436,Eastern Pahari,,,,east1436,nep
rend1243,Rendille,,,,rend1243,rel
mira1254,Miraña,,,,mira1254,boa
guda1243,Gudanji,,,,guda1243,wmb
wemb1241,Wemba Wemba,,,,wemb1241,xww
krah1246,Krahô,,,,krah1246,xra
saba1265,Sa'ban,,,,saba1265,snv
bayu1240,Bayungu,,,,bayu1240,bxj
olut1240,Oluta Popoluca,,,,olut1240,plo
yeyi1239,Yeyi,,,,yeyi1239,yey
baka1273,Bakaka,,,,baka1273,bqz
kond1303,Konda,,,,kond1303,knd
embe1259,Emberá-Baudó,,,,embe1259,bdc
endo1242,Endo,,,,endo1242,enb
biak1248,Biak,,,,biak1248,bhw
ingu1240,Ingush,,,,ingu1240,inh
uppe1400,Upper Saxon,,,,uppe1400,sxu
wich1262,Wichí Lhamtés Nocten,,,,wich1262,mtp
arch1244,Archi,,,,arch1244,aqc
koon1245,Koonzime,,,,koon1245,ozm
warr1255,Warrgamay,,,,warr1255,wgy
khar1287,Kharia,,,,khar1287,khr
naxi1245,Naxi,,,,naxi1245,nxq
maly1234,Malyangapa,,,,maly1234,yga
mufi1238,Mufian,,,,mufi1238,aoj
kwan1276,Kwanja,,,,kwan1276,knp
karo1306,Karo,,,,karo1306,arr
ifee1241,Ifè,,,,ifee1241,ife
amoo1242,Amo,,,,amoo1242,amo
luok1236,Luo (Kenya and Tanzania),,,,luok1236,luo
sand1273,Sandawe,,,,sand1273,sad
pula1263,Pulaar,,,,pula1263,fuc
amha1245,Amharic,,,,amha1245,amh
sikk1242,Sikkimese,,,,sikk1242,sip
wadi1260,Wadi Wadi,,,,wadi1260,xwd
nort2765,Northern Kissi,,,,nort2765,kqs
motl1237,Mwotlap,,,,motl1237,mlv
ulwa1239,Ulwa,,,,ulwa1239,ulw
mapu1245,Mapudungun,,,,mapu1245,arn
puxi1242,Puxi,,,,puxi1242,jih
izer1241,Izere,,,,izer1241,izr
mbya1239,Mbyá Guaraní,,,,mbya1239,gun
sant1432,Santiago del Estero Quichua,,,,sant1432,qus
alng1239,Alngith,,,,alng1239,aid
cupe1243,Cupeño,,,,cupe1243,cup
sind1272,Sindhi,,,,sind1272,snd
apat1240,Apatani,,,,apat1240,apt
busa1253,Busa,,,,busa1253,bqp
tika1246,Tikar,,,,tika1246,tik
bhoj1244,Bhojpuri,,,,bhoj1244,bho
kabi1261,Kabiyé,,,,kabi1261,kbp
tata1255,Tatar,,,,tata1255,tat
shas1239,Shasta,,,,shas1239,sht
arab1267,Arabana,,,,arab1267,ard
ngas1240,Ngas,,,,ngas1240,anc
wira1260,Wirangu-Nauo,,,,wira1260,wiw
mman1238,Mmani,,,,mman1238,buy
egyp1253,Egyptian Arabic,,,,egyp1253,arz
mari1424,Marithiel,,,,mari1424,mfr
bata1289,Batak Toba,,,,bata1289,bbc
ezha1238,Ezha,,,,ezha1238,sgw
udmu1245,Udmurt,,,,udmu1245,udm
guar1292,Guarayu,,,,guar1292,gyr
japr1238,Japrería,,,,japr1238,jru
mbal1255,Mbalanhu,,,,mbal1255,lnb
uigh1240,Uighur,,,,uigh1240,uig
kupa1239,Kupang Malay,,,,kupa1239,mkn
came1252,Donga Mambila,,,,came1252,mcu
saki1248,Mekens,,,,saki1248,skf
kara1476,Karadjeri,,,,kara1476,gbd
wich1260,Wichita,,,,wich1260,wic
wulg1239,Wulguru,,,,wulg1239,qgu
ngad1258,Ngadjunmaya,,,,ngad1258,nju
wymy1235,Wymysorys,,,,wymy1235,wym
moss1236,Mossi,,,,moss1236,mos
aghe1239,Aghem,,,,aghe1239,agq
east2380,Eastern Anmatyerre,,,,east2380,amx
kayt1238,Kaytetye,,,,kayt1238,gbb
apur1254,Apurinã,,,,apur1254,apu
sout2729,Southern Pumi,,,,sout2729,pmj
wuch1236,Wu Chinese,,,,wuch1236,wuu
kabi1260,Kabikabi,,,,kabi1260,gbw
norw1259,Norwegian Bokmål,,,,norw1259,nob
wage1238,Wageman,,,,wage1238,waq
swis1247,Swiss German,,,,swis1247,gsw
yayg1236,Yaygir,,,,yayg1236,xya
buna1275,Bunaba,,,,buna1275,bck
west2644,Western Highland Chatino,,,,west2644,ctp
amun1246,Amundava,,,,amun1246,adw
ilok1237,Iloko,,,,ilok1237,ilo
besi1244,Besisi,,,,besi1244,mhe
kara1500,Karajá,,,,kara1500,kpj
xing1248,Xingú Asuriní,,,,xing1248,asn
chiq1248,Chiquitano,,,,chiq1248,cax
puoc1238,Ksingmul,,,,puoc1238,puo
bani1255,Baniwa do Icana,,,,bani1255,bwi
keny1279,Kenyang,,,,keny1279,ken
awac1239,Awa-Cuaiquer,,,,awac1239,kwi
loma1260,Loma (Liberia),,,,loma1260,lom
maca1260,Maca,,,,maca1260,mca
dang1274,Dangaleat,,,,dang1274,daa
saur1248,Saurashtra,,,,saur1248,saz
bamb1262,Bambassi,,,,bamb1262,myf
vile1241,Vilela,,,,vile1241,vil
qaua1234,Central Gelao-Qau,,,,qaua1234,gqu
acat1239,Acatepec Me'phaa,,,,acat1239,tpx
waim1251,Waima,,,,waim1251,rro
iban1261,Ibani,,,,iban1261,iby
kuku1273,Kuku-Yalanji,,,,kuku1273,gvn
west2650,Western Cham,,,,west2650,cja
kung1259,Kungarakany,,,,kung1259,ggk
lake1258,Lake Miwok,,,,lake1258,lmw
mund1327,Mundani,,,,mund1327,mnf
burd1238,Burduna,,,,burd1238,bxn
coca1259,Cocama-Cocamilla,,,,coca1259,cod
gwan1268,Gwandara,,,,gwan1268,gwn
kork1243,Korku,,,,kork1243,kfq
moyo1238,Moyon,,,,moyo1238,nmo
cacu1241,Kakua,,,,cacu1241,cbv
nama1264,Nama (Namibia),,,,nama1264,naq
mesc1238,Mescalero-Chiricahua Apache,,,,mesc1238,apm
hmon1264,Hmong Njua,,,,hmon1264,hnj
nort2819,Northern Bobo Madaré,,,,nort2819,bbo
kamw1239,Kamwe,,,,kamw1239,hig
yape1248,Yapese,,,,yape1248,yap
teng1272,Tengger,,,,teng1272,tes
serr1255,Serrano,,,,serr1255,ser
jola1263,Jola-Fonyi,,,,jola1263,dyo
bare1279,Barain,,,,bare1279,bva
cara1272,Carapana,,,,cara1272,cbc
ndem1249,Ndemli,,,,ndem1249,nml
mboc1235,Mbo (Cameroon),,,,mboc1235,mbo
aari1239,Aari,,,,aari1239,aiw
nank1250,Nankina,,,,nank1250,nnk
pume1238,Pumé,,,,pume1238,yae
bame1260,Bamenyam,,,,bame1260,bce
mpal1238,Mpalitjanh,,,,mpal1238,xpj
amel1241,Amele,,,,amel1241,aey
nana1257,Nanai,,,,nana1257,gld
cham1312,Chamorro,,,,cham1312,cha
food1238,Foodo,,,,food1238,fod
nami1256,Namia,,,,nami1256,nnm
nucl1418,Bassa,,,,nucl1418,bsq
chay1248,Shawi,,,,chay1248,cbt
ngar1297,Ngarigu,,,,ngar1297,xni
nyam1271,Nyamal,,,,nyam1271,nly
akan1250,Akan,,,,akan1250,aka
sere1260,Sereer,,,,sere1260,srr
warl1256,Warluwara,,,,warl1256,wrb
amar1271,Amurdak,,,,amar1271,amg
wany1247,Wanyi,,,,wany1247,wny
tuuu1240,Tu,,,,tuuu1240,mjg
ying1247,Yinggarda,,,,ying1247,yia
nucl1632,Sentani,,,,nucl1632,set
mong1331,Mongolian,,,,mong1331,mon
hakk1236,Hakka Chinese,,,,hakk1236,hak
bass1260,Bassossi,,,,bass1260,bsi
pana1307,Panará,,,,pana1307,kre
kirg1245,Kirghiz,,,,kirg1245,kir
squa1248,Squamish,,,,squa1248,squ
faiw1243,Faiwol,,,,faiw1243,fai
sala1272,Salasaca Highland Quichua,,,,sala1272,qxl
wola1242,Wolaytta,,,,wola1242,wal
sout2642,Southern Balochi,,,,sout2642,bcc
bako1249,Bakoko,,,,bako1249,bkh
dhal1245,Dhalandji,,,,dhal1245,dhl
komo1258,Komo (Sudan),,,,komo1258,xom
tagw1240,Tagwana Senoufo,,,,tagw1240,tgw
guru1261,Gurung,,,,guru1261,gvr
ekar1243,Ekari,,,,ekar1243,ekg
mari1417,Marimanindji,,,,mari1417,zmm
kota1263,Kota (India),,,,kota1263,kfe
sora1254,Sora,,,,sora1254,srb
tada1238,Tadaksahak,,,,tada1238,dsq
nhuw1239,Nhuwala,,,,nhuw1239,nhf
tami1289,Tamil,,,,tami1289,tam
bala1302,Balanta-Ganja,,,,bala1302,bjt
mafe1237,Mafea,,,,mafe1237,mkv
mogh1245,Mogholi,,,,mogh1245,mhj
mbaa1245,Mba,,,,mbaa1245,mfc
hunz1247,Hunzib,,,,hunz1247,huz
iseb1246,Isebe,,,,iseb1246,igo
muru1274,Murui Huitoto,,,,muru1274,huu
mbar1253,Rimanggudhinma,,,,mbar1253,zmv
koda1255,Kodava,,,,koda1255,kfa
hawa1245,Hawaiian,,,,hawa1245,haw
obol1243,Obolo,,,,obol1243,ann
ando1255,Andoa,,,,ando1255,anb
boun1243,Bouna Kulango,,,,boun1243,nku
arab1268,Arabela,,,,arab1268,arl
madi1260,Ma'di,,,,madi1260,mhi
warr1257,Warrnambool,,,,warr1257,
baka1277,Bakairí,,,,baka1277,bkq
kuru1309,Kuruáya,,,,kuru1309,kyr
gbag1258,Gbagyi,,,,gbag1258,gbr
basq1248,Basque,,,,basq1248,eus
mmaa1238,Mmaala,,,,mmaa1238,mmu
waur1244,Waurá,,,,waur1244,wau
lang1320,Langi,,,,lang1320,lag
suga1248,Nizaa,,,,suga1248,sgi
patt1248,Pattani,,,,patt1248,lae
kala1379,Kalarko,,,,kala1379,kba
urub1250,Urubú-Kaapor,,,,urub1250,urb
bidy1243,Bidyara,,,,bidy1243,bym
gand1255,Ganda,,,,gand1255,lug
iwam1256,Iwam,,,,iwam1256,iwm
glav1244,Glavda,,,,glav1244,glw
sene1264,Seneca,,,,sene1264,see
djaw1238,Djawi,,,,djaw1238,djw
eyak1241,Eyak,,,,eyak1241,eya
maas1239,Maasina Fulfulde,,,,maas1239,ffm
saur1249,Sauria Paharia,,,,saur1249,mjt
kumy1244,Kumyk,,,,kumy1244,kum
tupu1244,Tupuri,,,,tupu1244,tui
maza1291,Mazanderani,,,,maza1291,mzn
nepa1254,Nepali,,,,nepa1254,npi
para1310,Pará Arára,,,,para1310,aap
khez1235,Khezha Naga,,,,khez1235,nkh
remb1249,Rembarrnga,,,,remb1249,rmb
tivv1240,Tiv,,,,tivv1240,tiv
yeru1240,Yerukula,,,,yeru1240,yeu
afad1236,Afade,,,,afad1236,aal
orow1243,Oro Win,,,,orow1243,orw
ango1258,Angolar,,,,ango1258,aoa
spok1245,Spokane,,,,spok1245,spo
gari1254,Garig,,,,gari1254,ilg
nucl1696,Tangale,,,,nucl1696,tan
pula1262,Pular,,,,pula1262,fuf
caja1238,Cajamarca Quechua,,,,caja1238,qvc
esto1258,Estonian,,,,esto1258,ekk
yana1271,Yana,,,,yana1271,ynn
tuki1240,Tuki,,,,tuki1240,bag
ersu1241,Ersu,,,,ersu1241,ers
saba1262,Sabaot,,,,saba1262,spy
tach1250,Tachelhit,,,,tach1250,shi
kuuk1238,Kuuku-Ya'u,,,,kuuk1238,kuy
bady1239,Jaad-Badyara,,,,bady1239,pbp
furr1244,Fur,,,,furr1244,fvr
ekpe1253,Ekpeye,,,,ekpe1253,ekp
wikm1247,Wik-Mungkan,,,,wikm1247,wim
yuwa1244,Hoti,,,,yuwa1244,yau
lavu1241,Lavukaleve,,,,lavu1241,lvk
lega1249,Lega-Shabunda,,,,lega1249,lea
gume1239,Gumer,,,,gume1239,sgw
isth1244,Isthmus Zapotec,,,,isth1244,zai
kako1242,Kako,,,,kako1242,kkj
bina1277,Binandere,,,,bina1277,bhg
sout2750,Southern Yukaghir,,,,sout2750,yux
pwon1235,Pwo Northern Karen,,,,pwon1235,pww
kara1483,Karamojong,,,,kara1483,kdj
yamb1251,Yamba,,,,yamb1251,yam
woge1237,Wogeo,,,,woge1237,woc
mofu1248,Mofu-Gudur,,,,mofu1248,mif
scot1245,Scottish Gaelic,,,,scot1245,gla
piar1243,Piaroa,,,,piar1243,pid
djad1246,Djadjawurrungic,,,,djad1246,
even1259,Evenki,,,,even1259,evn
lako1247,Lakota,,,,lako1247,lkt
maun1240,Mawng,,,,maun1240,mph
gaaa1245,Gaa,,,,gaaa1245,ttb
haya1250,Haya,,,,haya1250,hay
cams1241,Camsá,,,,cams1241,kbh
pate1247,Patep,,,,pate1247,ptp
suru1262,Suruí,,,,suru1262,sru
bomi1238,Bomitaba,,,,bomi1238,zmx
kwam1250,Kwami,,,,kwam1250,ktf
koho1244,Koho,,,,koho1244,kpm
giny1241,Ginyanga,,,,giny1241,ayg
djin1251,Jingulu,,,,djin1251,jig
cofa1242,Cofán,,,,cofa1242,con
taid1249,Tai Daeng,,,,taid1249,tyr
wari1266,Waris,,,,wari1266,wrs
kamb1316,Kambaata,,,,kamb1316,ktb
sher1255,Solu-Khumbu Sherpa,,,,sher1255,xsr
shon1251,Shona,,,,shon1251,sna
ngom1271,Ngombale,,,,ngom1271,nla
ulku1238,Ulkulu,,,,ulku1238,kjn
sout2844,Southern Samo,,,,sout2844,sbd
jaqa1244,Jaqaru,,,,jaqa1244,jqr
bell1243,Bella Coola,,,,bell1243,blc
kulu1253,Kulung (Nepal),,,,kulu1253,kle
irul1243,Irula of the Nilgiri,,,,irul1243,iru
irig1241,Irigwe,,,,irig1241,iri
zaiw1241,Zaiwa,,,,zaiw1241,atb
sout2961,Southern Tiwa,,,,sout2961,tix
nuuc1236,Nuu-chah-nulth,,,,nuuc1236,nuk
cent2050,Central Kanuri,,,,cent2050,knc
wath1238,Wathawurrung,,,,wath1238,wth
pudi1238,Puditara,,,,pudi1238,mpj
bata1293,Batak Karo,,,,bata1293,btx
awet1244,Awetí,,,,awet1244,awe
sinh1246,Sinhala,,,,sinh1246,sin
saan1246,Saanich,,,,saan1246,str
mbiy1238,Mbiywom,,,,mbiy1238,
gurd1238,Gurdjar,,,,gurd1238,gdj
kafa1242,Kafa,,,,kafa1242,kbr
niva1238,Nivaclé,,,,niva1238,cag
jauj1238,Jauja Wanca Quechua,,,,jauj1238,qxw
usan1239,Usan,,,,usan1239,wnu
jeme1245,Towa,,,,jeme1245,tow
nzim1238,Nzima,,,,nzim1238,nzi
araw1276,Lokono,,,,araw1276,arw
kang1288,Kanga,,,,kang1288,kcp
enge1239,Engenni,,,,enge1239,enn
nung1291,Nungali,,,,nung1291,nug
beng1286,Beng,,,,beng1286,nhb
gore1235,Goreng,,,,gore1235,xgg
dhar1247,Dhargari,,,,dhar1247,dhr
ikpe1245,Ikpeng,,,,ikpe1245,txi
dhuw1249,Dhuwal,,,,dhuw1249,duj
akoo1248,Akoose,,,,akoo1248,bss
lamn1239,Lamnso',,,,lamn1239,lns
teke1280,Teke-Kukuya,,,,teke1280,kkw
jenn1240,Jennu Kurumba,,,,jenn1240,xuj
zapa1253,Záparo,,,,zapa1253,zro
mati1255,Matís,,,,mati1255,mpq
bona1250,Bonan,,,,bona1250,peh
naik1250,Naiki,,,,naik1250,nit
loni1238,Loniu,,,,loni1238,los
luis1253,Luiseno,,,,luis1253,lui
hang1260,Hangaza,,,,hang1260,han
port1283,Portuguese,,,,port1283,por
nort2647,Northwestern Pakhto,,,,nort2647,pbu
cari1279,Carijona,,,,cari1279,cbd
soch1239,Sochiapam Chinantec,,,,soch1239,cso
kara1508,Karangura,,,,kara1508,nmv
many1261,Manya,,,,many1261,mzj
narr1259,Narrinyeri,,,,narr1259,nay
mwag1236,Mwaghavul,,,,mwag1236,sur
ruka1240,Rukai,,,,ruka1240,dru
zhon1235,Zhongu,,,,zhon1235,
ayac1239,Ayacucho Quechua,,,,ayac1239,quy
yill1241,Yil,,,,yill1241,yll
mehi1240,Mehináku,,,,mehi1240,mmh
yucu1253,Yucuna,,,,yucu1253,ycn
xamt1239,Xamtanga,,,,xamt1239,xan
assa1263,Assamese,,,,assa1263,asm
arik1265,Arikapú,,,,arik1265,ark
ngum1253,Ngumbarl,,,,ngum1253,
teda1241,Tedaga,,,,teda1241,tuq
ayer1245,Ayere,,,,ayer1245,aye
lama1275,Lama (Togo),,,,lama1275,las
kara1474,Karata,,,,kara1474,kpt
acha1250,Achagua,,,,acha1250,aca
huml1238,Humla,,,,huml1238,hut
bibb1234,Bibbulman,,,,bibb1234,xbp
dutc1256,Dutch,,,,dutc1256,nld
wame1240,Wamey,,,,wame1240,cou
west2441,Western Arrarnta,,,,west2441,are
astu1245,Asturian-Leonese-Cantabrian,,,,astu1245,ast
goon1238,Gooniyandi,,,,goon1238,gni
karb1241,Hills Karbi,,,,karb1241,mjw
djiw1241,Djiwarli,,,,djiw1241,dze
pait1244,Paite Chin,,,,pait1244,pck
atti1239,Attié,,,,atti1239,ati
yuca1254,Yucatec Maya,,,,yuca1254,yua
nyab1255,Nyabwa,,,,nyab1255,nwb
medu1238,Medumba,,,,medu1238,byv
cent2018,Central-Eastern Niger Fulfulde,,,,cent2018,fuq
japh1234,Japhug,,,,japh1234,jya
iton1250,Itonama,,,,iton1250,ito
nort1550,Taos Northern Tiwa,,,,nort1550,twf
tlac1235,Tlachichilco Tepehua,,,,tlac1235,tpt
sout2697,South Azerbaijani,,,,sout2697,azb
kwom1262,Kwoma,,,,kwom1262,kmo
hupa1239,Hupa,,,,hupa1239,hup
fwee1238,Fwe,,,,fwee1238,fwe
fipa1238,Fipa,,,,fipa1238,fip
gonj1241,Gonja,,,,gonj1241,gjn
thay1249,Thayore,,,,thay1249,thd
baim1244,Baima,,,,baim1244,bqh
trin1274,Trinitario,,,,trin1274,trn
ebir1243,Ebira,,,,ebir1243,igb
west2560,West Coast Bajau,,,,west2560,bdr
sout2840,Southern Bobo Madaré,,,,sout2840,bwq
pang1290,Pangasinan,,,,pang1290,pag
taro1264,Seediq,,,,taro1264,trv
qawa1238,Qawasqar,,,,qawa1238,alc
chan1310,Chantyal,,,,chan1310,chx
wirr1237,Wirriyaraay,,,,wirr1237,kld
ngar1296,Ngarla,,,,ngar1296,nrk
lese1243,Lese,,,,lese1243,les
manc1252,Manchu,,,,manc1252,mnc
reel1238,Reel,,,,reel1238,atu
nant1250,Nanti,,,,nant1250,cox
koko1269,Kokota,,,,koko1269,kkk
huic1243,Huichol,,,,huic1243,hch
mana1288,Manange,,,,mana1288,nmm
cayu1262,Cayubaba,,,,cayu1262,cyb
axiy1235,Axi Yi,,,,axiy1235,yix
bang1356,Bangolan,,,,bang1356,bgj
chon1284,Chong of Chanthaburi,,,,chon1284,cog
nafa1258,Nafaanra,,,,nafa1258,nfr
ngal1294,Ngaliwurru,,,,ngal1294,djd
anga1288,Angami Naga,,,,anga1288,njm
saya1246,Saya,,,,saya1246,say
lith1251,Lithuanian,,,,lith1251,lit
waja1257,Wajarri,,,,waja1257,wbv
pirr1240,Pirriya,,,,pirr1240,xpa
spit1240,Spiti Bhoti,,,,spit1240,spt
guar1293,Baniva de Maroa,,,,guar1293,gae
merg1238,Myeik,,,,merg1238,tvn
mudh1235,Mudhili Gadaba,,,,mudh1235,gau
kung1261,North-Central Ju,,,,kung1261,knw
dadi1250,Dadibi,,,,dadi1250,mps
darl1243,Paakantyi,,,,darl1243,drl
ngit1239,Ngiti,,,,ngit1239,niy
kwaz1243,Kwaza,,,,kwaz1243,xwa
nung1290,Wubuy,,,,nung1290,nuy
taga1270,Tagalog,,,,taga1270,tgl
wala1263,Walangama,,,,wala1263,
shin1264,Shina,,,,shin1264,scl
gana1268,Birrdhawal,,,,gana1268,ihw
pana1305,Panamint,,,,pana1305,par
mwan1247,Mwani,,,,mwan1247,wmw
miny1240,Mising,,,,miny1240,mrg
besl1239,Besleri,,,,besl1239,hna
bemb1257,Bemba (Zambia),,,,bemb1257,bem
brah1256,Brahui,,,,brah1256,brh
siwi1239,Siwi,,,,siwi1239,siz
woiw1237,Woiwurrung,,,,woiw1237,wyi
haka1240,Haka Chin,,,,haka1240,cnh
darm1243,Darma,,,,darm1243,drd
osse1243,Ossetian,,,,osse1243,oss
libe1240,Kru Pidgin English,,,,libe1240,lir
kiku1240,Kikuyu,,,,kiku1240,kik
saot1239,Sãotomense,,,,saot1239,cri
tuca1252,Tucano,,,,tuca1252,tuo
kota1272,Kotafon Gbe,,,,kota1272,kqk
sout2991,South Bolivian Quechua,,,,sout2991,quh
rutu1240,Rutul,,,,rutu1240,rut
didi1258,Didinga,,,,didi1258,did
eggo1239,Eggon,,,,eggo1239,ego
silt1240,Silt'e,,,,silt1240,stv
miju1243,Kman,,,,miju1243,mxj
ngar1284,Ngarinyin,,,,ngar1284,ung
chra1242,Chrau,,,,chra1242,crw
hoav1238,Hoava,,,,hoav1238,hoa
marg1251,Margu,,,,marg1251,mhg
aman1265,Amanab,,,,aman1265,amn
paca1246,Pacahuara,,,,paca1246,pcp
shar1245,Sharanahua,,,,shar1245,mcd
ikwo1238,Ikwo,,,,ikwo1238,iqw
nort2815,Northeastern Dinka,,,,nort2815,dip
para1316,Paraujano,,,,para1316,pbg
ikal1242,Ikalanga,,,,ikal1242,kck
fiji1243,Fijian,,,,fiji1243,fij
katc1250,Katcha,,,,katc1250,xtc
piap1246,Piapoco,,,,piap1246,pio
nyam1285,Nyam,,,,nyam1285,nmi
east2555,Eastern Bolivian Guaraní,,,,east2555,gui
lowe1402,Lower Riverland,,,,lowe1402,
suya1243,Suyá,,,,suya1243,suy
koyr1242,Koyraboro Senni Songhai,,,,koyr1242,ses
ngba1285,Ngbaka Minagende,,,,ngba1285,nga
ambe1247,Ambele,,,,ambe1247,ael
chiq1250,Chiquihuitlán Mazatec,,,,chiq1250,maq
pite1240,Pite Saami,,,,pite1240,sje
iran1263,Irántxe-Münkü,,,,iran1263,irn
laoo1244,Lao,,,,laoo1244,lao
enaw1238,Enawené-Nawé,,,,enaw1238,unk
wann1242,Wan,,,,wann1242,wan
wels1247,Welsh,,,,wels1247,cym
khak1248,Khakas,,,,khak1248,kjh
east2426,Eastern Maninkakan,,,,east2426,emk
taus1253,Taushiro,,,,taus1253,trr
kawa1290,Kawarrang-Ogh Undjan,,,,kawa1290,
logo1259,Logo,,,,logo1259,log
ngaa1240,Ngaanyatjarra,,,,ngaa1240,ntj
urii1240,Uri,,,,urii1240,uvh
ligu1248,Ligurian,,,,ligu1248,lij
mapo1246,Mapoyo,,,,mapo1246,mcg
ando1256,Andoque,,,,ando1256,ano
tani1257,Tanimuca-Retuarã,,,,tani1257,tnc
nort2980,North Junín Quechua,,,,nort2980,qvn
nobi1240,Nobiin,,,,nobi1240,fia
nort2938,Northern Haida,,,,nort2938,hdn
seda1262,Sedang,,,,seda1262,sed
band1337,Bandjigali,,,,band1337,bjd
wand1278,Wandala,,,,wand1278,mfi
komi1277,Komi-Yazva,,,,komi1277,kom
mach1268,Machinere,,,,mach1268,mpd
kusa1250,Kusaal,,,,kusa1250,kus
atam1239,Atampaya,,,,atam1239,amz
kima1244,Kimaragang,,,,kima1244,kqr
lakk1238,Lakkia,,,,lakk1238,lbc
yuwa1242,Yuwaalaraay,,,,yuwa1242,kld
kwin1241,Kwini,,,,kwin1241,gww
west2392,Western Mari,,,,west2392,mrj
kaum1238,Kauma,,,,kaum1238,nyf
pure1242,Purepecha,,,,pure1242,tsz
tsuv1239,Tsuvadi,,,,tsuv1239,tvd
kagf1238,Ut-Main,,,,kagf1238,gel
iyiv1238,Iyive,,,,iyiv1238,uiv
otuh1238,Otuho,,,,otuh1238,lot
tour1242,Toura (Côte d'Ivoire),,,,tour1242,neb
east2295,Eastern Yiddish,,,,east2295,ydd
lard1243,Lardil,,,,lard1243,lbz
guat1253,Guató,,,,guat1253,gta
tari1256,Tariana,,,,tari1256,tae
vlax1238,Vlax Romani,,,,vlax1238,rmy
buwa1243,Buwal,,,,buwa1243,bhs
pirl1238,Pirlatapa,,,,pirl1238,bxi
dzon1239,Dzongkha,,,,dzon1239,dzo
cent2128,Central Siberian Yupik,,,,cent2128,ess
indo1316,Indonesian,,,,indo1316,ind
kohu1244,Kohumono,,,,kohu1244,bcs
fwai1237,Fwâi,,,,fwai1237,fwa
mpar1238,Mparntwe Arrernte,,,,mpar1238,aer
saek1240,Saek,,,,saek1240,skb
dhur1239,Dhurga,,,,dhur1239,dhu
wong1247,Wongo,,,,wong1247,won
kala1378,Kalaw Kawaw,,,,kala1378,mwp
lang1324,Lango (Uganda),,,,lang1324,laj
kuwa1246,Kuwaataay,,,,kuwa1246,cwt
tsam1247,Tsamai,,,,tsam1247,tsb
bekw1241,Bekwarra,,,,bekw1241,bkv
sout2994,Southern Nambikuára,,,,sout2994,nab
modernaramaic,,,,,,
kuth1240,Kuthant,,,,kuth1240,xut
akha1245,Akha,,,,akha1245,ahk
loth1237,Lotha Naga,,,,loth1237,njh
nari1241,Nari Nari,,,,nari1241,rnr
shab1252,Shabo,,,,shab1252,sbf
nort2810,Northern Grebo,,,,nort2810,gbo
lepc1244,Lepcha,,,,lepc1244,lep
gbay1287,Gbaya-Bossangoa,,,,gbay1287,gbp
lahu1253,Lahu,,,,lahu1253,lhu
furu1242,Furu,,,,furu1242,fuu
balt1258,Balti,,,,balt1258,bft
coeu1236,Coeur d'Alene,,,,coeu1236,crd
kitj1240,Kitja,,,,kitj1240,gia
pang1287,Pangwa,,,,pang1287,pbr
kumb1268,Kumbainggar,,,,kumb1268,kgs
thul1246,Thulung,,,,thul1246,tdh
copa1236,Copainalá Zoque,,,,copa1236,zoc
nucl1302,Georgian,,,,nucl1302,kat
bare1276,Baré,,,,bare1276,bae
sout2949,Southern Kiwai,,,,sout2949,kjd
sheh1240,Jibbali,,,,sheh1240,shv
pott1240,Pottangi Ollar Gadaba,,,,pott1240,gdb
shan1282,Shanga,,,,shan1282,sho
wari1268,Wari',,,,wari1268,pav
baou1238,Baoulé,,,,baou1238,bci
jama1261,Madi,,,,jama1261,jaa
tzot1259,Tzotzil,,,,tzot1259,tzo
west2408,Western Muria,,,,west2408,mut
yawa1261,Yawalapití,,,,yawa1261,yaw
lara1260,Larantuka Malay,,,,lara1260,lrt
bimo1239,Bimoba,,,,bimo1239,bim
siri1273,Sirionó,,,,siri1273,srq
tern1247,Ternate,,,,tern1247,tft
slov1269,Slovak,,,,slov1269,slk
ndal1241,Ndali,,,,ndal1241,ndh
west2397,Western Bru,,,,west2397,brv
lako1244,Lakota Dida,,,,lako1244,dic
lada1244,Leh-Kenhat,,,,lada1244,lbj
bhel1238,Bhele,,,,bhel1238,bhy
achu1247,Achumawi,,,,achu1247,acv
mann1248,Mann,,,,mann1248,mev
soqo1240,Soqotri,,,,soqo1240,sqt
gras1249,Grass Koiari,,,,gras1249,kbk
ibib1240,Ibibio,,,,ibib1240,ibb
sout2918,Southern Sama,,,,sout2918,ssb
cash1251,Cashibo-Cacataibo,,,,cash1251,cbr
opuu1239,T'apo,,,,opuu1239,lgn
thai1261,Thai,,,,thai1261,tha
culi1244,Culina,,,,culi1244,cul
park1239,Parkwa,,,,park1239,pbi
limb1268,Limbum,,,,limb1268,lmp
gily1242,Nivkh,,,,gily1242,niv
tama1365,Tamasheq,,,,tama1365,taq
call1235,Callawalla,,,,call1235,caw
nort2845,North Marquesan,,,,nort2845,mrq
dhal1246,Dhalwangu,,,,dhal1246,dax
naru1238,Narungga,,,,naru1238,nnr
tong1325,Tonga (Tonga Islands),,,,tong1325,ton
ngan1291,Nganasan,,,,ngan1291,nio
pinj1244,Pinjarup,,,,pinj1244,pnj
alla1248,Alladian,,,,alla1248,ald
ogbi1239,Ogbia,,,,ogbi1239,ogb
kpan1246,Kpan,,,,kpan1246,kpk
many1256,Manyjilyjara,,,,many1256,mpj
khan1273,Kazym-Berezover-Suryskarer Khanty,,,,khan1273,kca
tari1263,Tarifiyt-Beni-Iznasen-Eastern Middle Atlas Berber,,,,tari1263,rif
sali1298,Sáliba,,,,sali1298,slc
kare1338,Kare (Central African Republic),,,,kare1338,kbn
gagn1235,Gagnoa Bété,,,,gagn1235,btg
nara1262,Nara,,,,nara1262,nrb
huro1249,Huron,,,,huro1249,wya
cola1237,Colac,,,,cola1237,
agua1253,Aguaruna,,,,agua1253,agr
sout2795,Southern Nuni,,,,sout2795,nnw
bhil1251,Bhili,,,,bhil1251,bhb
east2282,East Latvian,,,,east2282,ltg
chua1250,Chuave,,,,chua1250,cjv
fang1248,Fang (Cameroon),,,,fang1248,fak
norw1258,Norwegian,,,,norw1258,nor
sele1249,Selee,,,,sele1249,snw
umot1240,Umotína,,,,umot1240,umo
tang1336,East-Central Tangkhul Naga,,,,tang1336,nmf
crow1244,Crow,,,,crow1244,cro
anti1245,Antigua and Barbuda Creole English,,,,anti1245,aig
rajb1243,Rajbanshi,,,,rajb1243,rjs
pira1254,Wa'ikhana,,,,pira1254,pir
tamn1235,Tamnim Citak,,,,tamn1235,tml
tere1279,Terena-Kinikinao-Chane,,,,tere1279,ter
awar1248,Awara,,,,awar1248,awx
west2466,Western Karaboro,,,,west2466,kza
mmen1238,Mmen,,,,mmen1238,bfm
stan1289,Catalan,,,,stan1289,cat
tong1318,Tonga (Zambia),,,,tong1318,toi
pala1344,Palauan,,,,pala1344,pau
wapi1253,Wapishana,,,,wapi1253,wap
araw1273,Araweté,,,,araw1273,awt
mach1266,Machame,,,,mach1266,jmc
veng1238,Vengo,,,,veng1238,bav
maga1260,Magahi,,,,maga1260,mag
fuli1240,Fuliiru,,,,fuli1240,flr
nade1244,Nadëb,,,,nade1244,mbj
lush1249,Mizo,,,,lush1249,lus
chir1286,Chiripá,,,,chir1286,nhd
tulu1258,Tulu,,,,tulu1258,tcy
luxe1241,Luxembourgish,,,,luxe1241,ltz
roma1326,Romansh,,,,roma1326,roh
kamb1297,Kamba (Kenya),,,,kamb1297,kam
lowe1415,Lower Grand Valley Dani,,,,lowe1415,dni
ngwe1238,Ngwe,,,,ngwe1238,nwe
ceba1235,Cebaara Senoufo,,,,ceba1235,sef
para1311,Paraguayan Guaraní,,,,para1311,gug
yong1270,Yongning Na,,,,yong1270,nru
hela1238,Lamjung-Melamchi Yolmo,,,,hela1238,scp
kuri1259,Kuria,,,,kuri1259,kuj
gunw1252,Bininj Kun-Wok,,,,gunw1252,gup
abip1241,Abipon,,,,abip1241,axb
phal1254,Phalura,,,,phal1254,phl
naki1238,Naki,,,,naki1238,mff
yuec1235,Yue Chinese,,,,yuec1235,yue
kren1239,Krenak,,,,kren1239,kqq
gamo1243,Gamo,,,,gamo1243,gmv
darf1239,Dar Fur Daju,,,,darf1239,daj
kyen1242,Kyenga,,,,kyen1242,tye
amah1246,Amahuaca,,,,amah1246,amc
shus1248,Shuswap,,,,shus1248,shs
wany1244,Wanyjirra,,,,wany1244,gue
yano1261,Yanomamö,,,,yano1261,guu
sher1258,Sherbro,,,,sher1258,bun
njye1238,Njyem,,,,njye1238,njy
alya1239,Alyawarr,,,,alya1239,aly
dong1285,Dongxiang,,,,dong1285,sce
stan1288,Spanish,,,,stan1288,spa
wane1241,Waneci,,,,wane1241,wne
rama1270,Rama,,,,rama1270,rma
dira1238,Dirari,,,,dira1238,dit
gbes1238,Gbesi Gbe,,,,gbes1238,gbs
suba1252,Suba-Simbiti,,,,suba1252,ssc
molo1266,Moloko,,,,molo1266,mlw
meta1238,Meta',,,,meta1238,mgo
yaga1260,Yagaria,,,,yaga1260,ygr
yuch1247,Yuchi,,,,yuch1247,yuc
udih1248,Udihe,,,,udih1248,ude
aona1235,Ao Naga,,,,aona1235,njo
west2600,West Makian,,,,west2600,mqs
erre1238,Erre,,,,erre1238,err
abid1235,Abidji,,,,abid1235,abi
kwan1273,Kwangali,,,,kwan1273,kwn
yaqu1251,Yaqui,,,,yaqu1251,yaq
nucl1327,Limilngan,,,,nucl1327,lmc
mako1251,Makonde,,,,mako1251,kde
ngam1268,Ngambay,,,,ngam1268,sba
ngaw1240,Ngawun,,,,ngaw1240,nxn
yand1253,Yandruwandha,,,,yand1253,ynd
swed1254,Swedish,,,,swed1254,swe
tase1235,Pangwa Naga,,,,tase1235,nst
russ1264,Russia Buriat,,,,russ1264,bxr
galo1242,Galo,,,,galo1242,adl
shaw1249,Shawnee,,,,shaw1249,sjw
orok1266,Oroko,,,,orok1266,bdu
moco1246,Mocoví,,,,moco1246,moc
waru1265,Warumungu,,,,waru1265,wrm
vaii1241,Vai,,,,vaii1241,vai
cabi1241,Cabiyarí,,,,cabi1241,cbb
chip1262,Chipaya,,,,chip1262,cap
natu1246,Natügu,,,,natu1246,ntu
mach1267,Machiguenga,,,,mach1267,mcb
nija1241,Nyiyaparli,,,,nija1241,xny
soma1255,Somali,,,,soma1255,som
anuf1239,Anufo,,,,anuf1239,cko
sout2789,Central Dagaare,,,,sout2789,dga
bafa1247,Bafaw-Balong,,,,bafa1247,bwt
java1254,Javanese,,,,java1254,jav
tedi1235,Tedim Chin,,,,tedi1235,ctd
guwa1243,Guwamu,,,,guwa1243,gwu
lumu1239,Lumun,,,,lumu1239,lmd
gbay1288,Gbaya (Sudan),,,,gbay1288,krs
copi1238,Copi,,,,copi1238,cce
tigr1270,Tigre,,,,tigr1270,tig
qaqe1238,Qaqet,,,,qaqe1238,byx
kosh1246,Koshin,,,,kosh1246,kid
tepo1239,Tepo Krumen,,,,tepo1239,ted
guny1241,Gunya,,,,guny1241,gyy
yawi1239,Yawijibaya,,,,yawi1239,jbw
kich1262,K'iche',,,,kich1262,quc
cham1315,Chamacoco,,,,cham1315,ceg
gava1241,Gavar,,,,gava1241,gou
sele1250,Selepet,,,,sele1250,spl
ikwe1242,Ikwere,,,,ikwe1242,ikw
kaya1329,Kayabí,,,,kaya1329,kyz
sipa1247,Sipacapense,,,,sipa1247,qum
waal1238,Waalubal,,,,waal1238,bdy
ning1273,Ningil,,,,ning1273,niz
mait1250,Maithili,,,,mait1250,mai
unam1242,Unami,,,,unam1242,unm
kama1365,Kamang,,,,kama1365,woi
xeta1241,Xetá,,,,xeta1241,xet
kamb1299,Kambera,,,,kamb1299,xbr
yugu1249,Yugumbir,,,,yugu1249,xjb
gabi1248,Gabigabi,,,,gabi1248,gbw
nucl1417,Igbo,,,,nucl1417,ibo
ladi1251,Ladino,,,,ladi1251,lad
walu1241,Walungge,,,,walu1241,ola
lund1266,Lunda,,,,lund1266,lun
kalm1243,Oirad-Kalmyk,,,,kalm1243,xal
saop1235,São Paulo Kaingáng,,,,saop1235,zkp
murl1244,Murle,,,,murl1244,mur
nort2784,Northern Nuni,,,,nort2784,nuv
shal1242,Shall-Zwall,,,,shal1242,sha
tuni1251,Tunia,,,,tuni1251,tug
mund1326,Mündü,,,,mund1326,muh
newa1246,Kathmandu Valley Newari,,,,newa1246,new
giky1238,Gikyode,,,,giky1238,acd
choc1276,Choctaw,,,,choc1276,cho
kuma1273,Kumaoni,,,,kuma1273,kfy
yame1242,Yameo,,,,yame1242,yme
aleu1260,Aleut,,,,aleu1260,ale
swah1253,Swahili,,,,swah1253,swh
nyol1238,Nyole,,,,nyol1238,nuj
desa1247,Desano,,,,desa1247,des
ntom1248,Ntomba,,,,ntom1248,nto
bukh1238,Bukharic,,,,bukh1238,bhh
kuun1236,Kuungkari of Barcoo River,,,,kuun1236,lku
ngal1293,Ngalakgan,,,,ngal1293,nig
nezp1238,Nez Perce,,,,nezp1238,nez
naka1260,Nakara,,,,naka1260,nck
marw1260,Marwari (India),,,,marw1260,rwr
stod1241,Stod Bhoti,,,,stod1241,sbu
mbuk1243,Mbuko,,,,mbuk1243,mqb
mull1237,Mullukmulluk,,,,mull1237,mpb
west2450,West-Central Limba,,,,west2450,lia
tama1331,Tama (Chad),,,,tama1331,tma
madi1261,Madi (Papua New Guinea),,,,madi1261,grg
mand1415,Mandarin Chinese,,,,mand1415,cmn
chen1255,Chenchu,,,,chen1255,cde
west2454,Western Niger Fulfulde,,,,west2454,fuh
tsou1248,Tsou,,,,tsou1248,tsu
taji1245,Tajik,,,,taji1245,tgk
urdu1245,Urdu,,,,urdu1245,urd
bash1264,Bashkir,,,,bash1264,bak
katc1249,Katcha-Kadugli-Miri,,,,katc1249,xtc
boko1266,Boko (Benin),,,,boko1266,bqc
sydn1236,Sydney,,,,sydn1236,xdk
keli1248,Keliko,,,,keli1248,kbo
guaj1255,Guajajára,,,,guaj1255,gub
guro1248,Guro,,,,guro1248,goa
krac1238,Krache,,,,krac1238,kye
ngko1236,Ngkoth,,,,ngko1236,
luth1234,Luthigh,,,,luth1234,
ngom1272,Ngomba,,,,ngom1272,jgo
khit1238,Khithaulhu,,,,khit1238,nab
sodd1242,Soddo,,,,sodd1242,gru
wang1291,Ngiyambaa,,,,wang1291,wyb
holo1240,Holoholo,,,,holo1240,hoo
bari1297,Barí,,,,bari1297,mot
gads1258,Gadsup,,,,gads1258,gaj
kurr1243,Kurrama,,,,kurr1243,vku
saxw1241,Saxwe Gbe,,,,saxw1241,sxw
kild1236,Kildin Saami,,,,kild1236,sjd
uduk1239,Uduk,,,,uduk1239,udu
yann1237,Yan-nhangu,,,,yann1237,jay
macu1260,Macuna,,,,macu1260,myy
mall1246,Mal,,,,mall1246,mlf
avok1242,Avokaya,,,,avok1242,avu
mbee1250,Mbe',,,,mbee1250,mtk
ward1246,Wardaman,,,,ward1246,wrr
anua1242,Anuak,,,,anua1242,anu
kora1295,Korafe,,,,kora1295,kpr
brok1247,Brokskat,,,,brok1247,bkk
abar1238,Mungbam,,,,abar1238,mij
pany1241,Panytyima,,,,pany1241,pnw
kara1467,Kara-Kalpak,,,,kara1467,kaa
munj1244,Munji,,,,munj1244,mnj
tosk1239,Northern Tosk Albanian,,,,tosk1239,als
paok1235,Pa'o Karen,,,,paok1235,blk
djee1236,Djeebbana,,,,djee1236,djj
samr1245,Samre or Siem Reap,,,,samr1245,sxm
sout2982,Southeastern Pomo,,,,sout2982,pom
nyis1236,Nyishi-Hill Miri,,,,nyis1236,njz
stra1244,Straits Salish,,,,stra1244,str
giry1241,Giryama,,,,giry1241,nyf
nucl1454,Yawa,,,,nucl1454,yva
ache1245,Acheron,,,,ache1245,acz
basq1250,"Basque, Souletin",,,,basq1250,eus
ligb1244,Ligbi,,,,ligb1244,lig
ndam1239,Ndamba,,,,ndam1239,ndj
taid1248,Tai Do-Mene-Yo,,,,taid1248,tyj
gupa1247,Gupapuyngu,,,,gupa1247,guf
baur1253,Baure,,,,baur1253,brg
jaun1243,Jaunsari,,,,jaun1243,jns
lukp1238,Lukpa,,,,lukp1238,dop
jola1262,Jola-Esulalu,,,,jola1262,csk
kofy1242,Pan,,,,kofy1242,kwl
shix1238,Shixing,,,,shix1238,sxg
diri1252,Diriku,,,,diri1252,diu
hain1253,Hainyaxo Bozo,,,,hain1253,bzx
gaaa1244,Ga,,,,gaaa1244,gaa
taro1263,Tarok,,,,taro1263,yer
nucl1240,Mumuye,,,,nucl1240,mzm
gaam1241,Gaam,,,,gaam1241,tbi
tawa1286,Tawallammat Tamajaq,,,,tawa1286,ttq
kuka1246,Kukatja,,,,kuka1246,kux
abur1243,Abure,,,,abur1243,abu
pamp1243,Pampanga,,,,pamp1243,pam
bodo1267,Bodo Gadaba,,,,bodo1267,gbj
nucl1235,Eastern Armenian,,,,nucl1235,hye
nyan1307,Nyankole,,,,nyan1307,nyn
mara1386,Maranunggu,,,,mara1386,zmr
avik1243,Avikam,,,,avik1243,avi
mori1278,Morisyen,,,,mori1278,mfe
nina1238,Ninam,,,,nina1238,shb
west2500,Western Maninkakan,,,,west2500,mlq
eloy1241,Eloyi,,,,eloy1241,afo
kima1246,Kimaama,,,,kima1246,kig
mewa1250,Mewati,,,,mewa1250,wtm
nyan1313,Nyang'i,,,,nyan1313,nyp
ikkk1242,Ik,,,,ikkk1242,ikx
aheu1239,Thavung,,,,aheu1239,thm
ngas1238,Ngasa,,,,ngas1238,nsg
baga1273,Baga Koga,,,,baga1273,bgo
nyon1241,Nyong,,,,nyon1241,muo
noon1243,Noone,,,,noon1243,nhu
apia1248,Apiaká,,,,apia1248,api
quec1382,Quechan,,,,quec1382,yum
anin1240,Anindilyakwa,,,,anin1240,aoi
berb1259,Berbice Creole Dutch,,,,berb1259,brc
mama1271,Mamara Senoufo,,,,mama1271,myk
mehr1241,Mehri,,,,mehr1241,gdq
doya1240,Doyayo,,,,doya1240,dow
russ1263,Russian,,,,russ1263,rus
murr1258,Murriny Patha,,,,murr1258,mwf
daza1242,Dazaga,,,,daza1242,dzg
cusc1236,Cusco Quechua,,,,cusc1236,quz
dhar1248,Dharumbal,,,,dhar1248,xgm
boro1277,Boro (Ethiopia),,,,boro1277,bwo
jere1244,Jere,,,,jere1244,jer
ling1263,Lingala,,,,ling1263,lin
moru1253,Moru,,,,moru1253,mgd
meru1245,Meru,,,,meru1245,mer
mong1338,Mongo,,,,mong1338,lol
cent2092,Central Sama,,,,cent2092,sml
imba1240,Imbabura Highland Quichua,,,,imba1240,qvi
yawa1260,Yawanawa,,,,yawa1260,ywn
libe1247,Liberia Kpelle,,,,libe1247,xpe
tuka1248,Tukang Besi North,,,,tuka1248,khc
dagb1246,Dagbani,,,,dagb1246,dag
nhir1234,Nhirrpi,,,,nhir1234,hrp
onaa1245,Selk'nam,,,,onaa1245,ona
apin1244,Apinayé,,,,apin1244,apn
anga1290,Angaataha,,,,anga1290,agm
svan1243,Svan,,,,svan1243,sva
tupa1250,Tuparí,,,,tupa1250,tpr
emer1243,Emerillon,,,,emer1243,eme
kurt1248,Kurtokha,,,,kurt1248,xkz
bumm1238,Bum,,,,bumm1238,bmv
wehh1238,Weh,,,,wehh1238,weh
thay1248,Thaypan,,,,thay1248,typ
gumu1244,Northern Gumuz,,,,gumu1244,guk
afit1238,Afitti,,,,afit1238,aft
yawa1258,Yawarawarga,,,,yawa1258,yww
bini1246,Bini,,,,bini1246,bin
hueh1236,Huehuetla Tepehua,,,,hueh1236,tee
east2347,Eastern Tamang,,,,east2347,taj
uppe1439,Upper Chehalis,,,,uppe1439,cjh
zayy1238,Zay,,,,zayy1238,zwa
cube1242,Cubeo,,,,cube1242,cub
jica1244,Jicarilla Apache,,,,jica1244,apj
urni1239,Urningangg,,,,urni1239,urc
baru1269,Baruga,,,,baru1269,bjz
pila1245,Pilagá,,,,pila1245,plg
bali1278,Balinese,,,,bali1278,ban
qima1242,Qimant,,,,qima1242,ahg
thak1245,Thakali,,,,thak1245,ths
nucl1695,Bole,,,,nucl1695,bol
abua1244,Abua,,,,abua1244,abn
mvum1238,Mvumbo,,,,mvum1238,nmg
zinz1238,Zinza,,,,zinz1238,zin
cerm1238,Cerma,,,,cerm1238,cme
buol1237,Buol,,,,buol1237,blf
savo1255,Savosavo,,,,savo1255,svs
yami1256,Yaminahua,,,,yami1256,yaa
miri1266,Miriwung,,,,miri1266,mep
yems1235,Yemsa,,,,yems1235,jnj
sout2679,South Estonian,,,,sout2679,vro
nugu1242,Nugunu (Cameroon),,,,nugu1242,yas
bike1242,Bikele,,,,bike1242,biw
toda1252,Toda,,,,toda1252,tcx
poya1241,Poyanáwa,,,,poya1241,pyn
chua1256,Chuanqiandian Cluster Miao,,,,chua1256,cqd
okuu1243,Oku,,,,okuu1243,oku
binu1245,Binumarien,,,,binu1245,bjr
kinn1249,Kinnauri,,,,kinn1249,kfk
bund1253,Bundeli,,,,bund1253,bns
ewee1241,Ewe,,,,ewee1241,ewe
maba1277,Maba (Chad),,,,maba1277,mde
achi1257,Achinese,,,,achi1257,ace
avar1256,Avar,,,,avar1256,ava
yama1264,Yámana,,,,yama1264,yag
naas1242,Naasioi,,,,naas1242,nas
ndut1239,Ndut,,,,ndut1239,ndv
kara1464,Karaim,,,,kara1464,kdr
yulu1243,Yulu,,,,yulu1243,yul
nort2976,North Bolivian Quechua,,,,nort2976,qul
dzuu1241,Dzùùngoo,,,,dzuu1241,dnn
huam1247,Huambisa,,,,huam1247,hub
west2456,Western Xwla Gbe,,,,west2456,xwl
ngar1288,Ngardi,,,,ngar1288,rxd
hual1241,Huallaga Huánuco Quechua,,,,hual1241,qub
bett1235,Betta Kurumba,,,,bett1235,xub
kuni1267,Kunimaipa,,,,kuni1267,kup
ande1247,Andegerebinha,,,,ande1247,adg
nort2646,Northern Pashto,,,,nort2646,pbu
gour1243,Gourmanchéma,,,,gour1243,gux
fore1274,Forest Nenets,,,,fore1274,
yard1234,Yardliyawarra,,,,yard1234,yxl
taus1251,Tausug,,,,taus1251,tsg
west2437,Western Warlpiri,,,,west2437,wbp
pare1272,Parecís,,,,pare1272,pab
nort2774,Northern Ngbandi,,,,nort2774,ngb
abau1245,Abau,,,,abau1245,aau
mich1245,Michoacán Nahuatl,,,,mich1245,ncl
halb1244,Halbi,,,,halb1244,hlb
tumt1243,Tumtum,,,,tumt1243,tbr
seme1247,Semelai,,,,seme1247,sza
yekh1238,Yekhee,,,,yekh1238,ets
bulu1251,Bulu (Cameroon),,,,bulu1251,bum
huay1240,Huaylas Ancash Quechua,,,,huay1240,qwh
kris1246,I'saka,,,,kris1246,ksi
carn1240,Car Nicobarese,,,,carn1240,caq
kore1283,Koreguaje,,,,kore1283,coe
idom1241,Idoma,,,,idom1241,idu
kari1255,Karirí-Xocó,,,,kari1255,kzw
tira1254,Tira,,,,tira1254,tic
liji1238,Lijili,,,,liji1238,mgi
awng1244,Awngi,,,,awng1244,awn
sant1410,Santali,,,,sant1410,sat
west2632,Western Keres,,,,west2632,kjq
lyel1241,Lyélé,,,,lyel1241,lee
sanj1284,San Juan Guelavía Zapotec,,,,sanj1284,zab
sanu1240,Sanumá,,,,sanu1240,xsu
nort2954,Northern Paiute,,,,nort2954,pao
ambu1247,Ambulas,,,,ambu1247,abt
biss1248,Bissa,,,,biss1248,bib
fore1265,Forest Enets,,,,fore1265,enf
siss1242,Sissala of Burkina Faso,,,,siss1242,sld
ngam1284,Ngamini,,,,ngam1284,nmv
awtu1239,Awtuw,,,,awtu1239,kmn
rawa1265,Rawang,,,,rawa1265,raw
lisu1250,Lisu,,,,lisu1250,lis
leni1238,Linngithigh,,,,leni1238,lnj
mbay1241,Mbay,,,,mbay1241,myb
argo1244,Argobba,,,,argo1244,agj
mokp1239,Mokpwe,,,,mokp1239,bri
mang1383,Mangala,,,,mang1383,mem
lakk1252,Lak,,,,lakk1252,lbe
phai1238,Prai,,,,phai1238,prt
nort2722,Northern Qiang,,,,nort2722,cng
alut1245,Alutor,,,,alut1245,alr
egaa1242,Ega,,,,egaa1242,ega
ewon1239,Ewondo,,,,ewon1239,ewo
mamm1241,Mam,,,,mamm1241,mam
mund1325,Mundang,,,,mund1325,mua
akaw1239,Akawaio,,,,akaw1239,ake
koru1247,Korubo,,,,koru1247,xor
kuni1268,Kunigami,,,,kuni1268,xug
muna1247,Muna,,,,muna1247,mnb
komc1235,Kom (Cameroon),,,,komc1235,bkm
croa1245,Croatian,,,,croa1245,hrv
sout2771,Southern Coastal Yuin,,,,sout2771,xtv
west2442,Western Anmatyerre,,,,west2442,amx
yano1262,Yanomámi,,,,yano1262,wca
kagu1239,Kagulu,,,,kagu1239,kki
cand1248,Candoshi-Shapra,,,,cand1248,cbu
chep1245,Chepang,,,,chep1245,cdm
coro1247,Corongo Ancash Quechua,,,,coro1247,qwa
woun1238,Woun Meu,,,,woun1238,noa
bats1242,Bats,,,,bats1242,bbl
awin1248,Awing,,,,awin1248,azo
cher1271,Cherepon,,,,cher1271,cpn
heib1243,Ebang,,,,heib1243,hbn
yagu1244,Yagua,,,,yagu1244,yad
daur1238,Dagur,,,,daur1238,dta
ndra1239,Ndra'ngith,,,,ndra1239,dgt
kunj1245,Kunjen,,,,kunj1245,kjn
nand1266,Nandi,,,,nand1266,niq
elip1238,Elip,,,,elip1238,ekm
mokl1243,Moklen,,,,mokl1243,mkm
bora1271,Borana-Arsi-Guji Oromo,,,,bora1271,gax
kgal1244,Kgalagadi,,,,kgal1244,xkv
jowu1238,Jowulu,,,,jowu1238,jow
wapp1239,Wappo,,,,wapp1239,wao
hind1269,Hindi,,,,hind1269,hin
nias1242,Nias,,,,nias1242,nia
murr1259,Murrinhpatha,,,,murr1259,mwf
samo1303,Samo,,,,samo1303,smq
esim1238,Esimbi,,,,esim1238,ags
chok1243,Chokri Naga,,,,chok1243,nri
nort2979,Northern Conchucos Ancash Quechua,,,,nort2979,qxn
zuni1245,Zuni,,,,zuni1245,zun
marg1265,Marghi Central,,,,marg1265,mrt
xere1240,Xerénte,,,,xere1240,xer
daha1245,Dahalo,,,,daha1245,dal
palo1243,Palor,,,,palo1243,fap
awad1243,Awadhi,,,,awad1243,awa
band1353,Banda Malay,,,,band1353,bpq
pitt1247,Pitta Pitta,,,,pitt1247,pit
leal1235,Lealao Chinantec,,,,leal1235,cle
mbab1239,Mbabaram,,,,mbab1239,vmb
xipa1240,Xipaya,,,,xipa1240,xiy
bong1285,Bongo,,,,bong1285,bot
nang1259,Nangikurrunggurr,,,,nang1259,nam
atay1247,Atayal,,,,atay1247,tay
viet1252,Vietnamese,,,,viet1252,vie
sout2674,South Saami,,,,sout2674,sma
fali1285,Fali,,,,fali1285,fli
pira1253,Pirahã,,,,pira1253,myp
gavi1246,Gavião Do Jiparaná,,,,gavi1246,gvo
peta1245,Petats,,,,peta1245,pex
nort2740,Northern Thai,,,,nort2740,nod
ayor1240,Ayoreo,,,,ayor1240,ayo
yess1239,Yessan-Mayo,,,,yess1239,yss
jama1262,Jamaican Creole English,,,,jama1262,jam
moro1284,Morokodo,,,,moro1284,mgc
keda1250,Kedayan,,,,keda1250,kxd
koya1253,Koyaga,,,,koya1253,kga
hang1258,Hanga,,,,hang1258,hag
kokn1236,Kok-Nar,,,,kokn1236,gko
ticu1245,Ticuna,,,,ticu1245,tca
selk1253,Selkup,,,,selk1253,sel
warl1255,Warlmanpa,,,,warl1255,wrl
samb1305,Samba Leko,,,,samb1305,ndi
muni1258,Muniche,,,,muni1258,myr
cent2194,Central Moroccan Berber,,,,cent2194,tzm
waor1240,Waorani,,,,waor1240,auc
embe1262,Emberá-Chamí,,,,embe1262,cmi
xhos1239,Xhosa,,,,xhos1239,xho
mang1381,Mangarrayi,,,,mang1381,mpc
kach1280,Southern Jinghpaw,,,,kach1280,kac
fang1246,Fang (Equatorial Guinea),,,,fang1246,fan
tokp1240,Tok Pisin,,,,tokp1240,tpi
ravu1237,Ravula,,,,ravu1237,yea
guaj1256,Guajá,,,,guaj1256,gvj
lika1243,Liko,,,,lika1243,lik
jahh1242,Jah Hut,,,,jahh1242,jah
yora1241,Yora,,,,yora1241,mts
ladj1234,Ladji Ladji,,,,ladj1234,llj
